direction_code,direction_name,block,sheet,city,parent_department,is_satellite,status,changed_flag,prev_status
СМ,Ремонт стиральных машин,БТ,СМ,Астрахань,Астрахань,нет,Увеличить,,без изменений
СМ,Ремонт стиральных машин,БТ,СМ,Балтийск (Калининград),Калининград,да,Увеличить,,Отключить
СМ,Ремонт стиральных машин,БТ,СМ,Благовещенск (Уфа),Уфа,да,Увеличить,,Отключить
СМ,Ремонт стиральных машин,БТ,СМ,Волгоград,Волгоград,нет,Увеличить,,Отключить
СМ,Ремонт стиральных машин,БТ,СМ,Волжский (Волгоград),Волгоград,да,Увеличить,,Отключить
СМ,Ремонт стиральных машин,БТ,СМ,Воронеж,Воронеж,нет,Увеличить,,Отключить
СМ,Ремонт стиральных машин,БТ,СМ,Грязи (Липецк),Липецк,да,Увеличить,,Отключить
СМ,Ремонт стиральных машин,БТ,СМ,Жигулёвск (Тольятти),Тольятти,да,Увеличить,,без изменений
СМ,Ремонт стиральных машин,БТ,СМ,Зеленоградск (Калининград),Калининград,да,Увеличить,,Отключить
СМ,Ремонт стиральных машин,БТ,СМ,Иваново,Иваново,нет,Увеличить,,Отключить
СМ,Ремонт стиральных машин,БТ,СМ,Ижевск,Ижевск,нет,Увеличить,,Отключить
СМ,Ремонт стиральных машин,БТ,СМ,Казань,Казань,нет,Увеличить,,без изменений
СМ,Ремонт стиральных машин,БТ,СМ,Калининград,Калининград,нет,Увеличить,,Отключить
СМ,Ремонт стиральных машин,БТ,СМ,Камызяк (Астрахань),Астрахань,да,Увеличить,,без изменений
СМ,Ремонт стиральных машин,БТ,СМ,Кемерово,Кемерово,нет,Увеличить,,Отключить
СМ,Ремонт стиральных машин,БТ,СМ,Киров,Киров,нет,Увеличить,,без изменений
СМ,Ремонт стиральных машин,БТ,СМ,Кострома,Кострома,нет,Увеличить,,без изменений
СМ,Ремонт стиральных машин,БТ,СМ,Краснодар,Краснодар,нет,Увеличить,,Отключить
СМ,Ремонт стиральных машин,БТ,СМ,Липецк,Липецк,нет,Увеличить,,Отключить
СМ,Ремонт стиральных машин,БТ,СМ,Менделеевск (Набережные Челны),Набережные Челны,да,Увеличить,,Отключить
СМ,Ремонт стиральных машин,БТ,СМ,Михайловск (Ставрополь),Ставрополь,да,Увеличить,,Отключить
СМ,Ремонт стиральных машин,БТ,СМ,Набережные Челны,Набережные Челны,нет,Увеличить,,Отключить
СМ,Ремонт стиральных машин,БТ,СМ,Нижнекамск (Набережные Челны),Набережные Челны,да,Увеличить,,Отключить
СМ,Ремонт стиральных машин,БТ,СМ,Новочебоксарск (Чебоксары),Чебоксары,да,Увеличить,,Отключить
СМ,Ремонт стиральных машин,БТ,СМ,Оренбург,Оренбург,нет,Увеличить,,без изменений
СМ,Ремонт стиральных машин,БТ,СМ,Ростов-на-Дону,Ростов-на-Дону,нет,Увеличить,,Отключить
СМ,Ремонт стиральных машин,БТ,СМ,Самара,Самара,нет,Увеличить,,без изменений
СМ,Ремонт стиральных машин,БТ,СМ,Саратов,Саратов,нет,Увеличить,,без изменений
СМ,Ремонт стиральных машин,БТ,СМ,Светлогорск (Калининград),Калининград,да,Увеличить,,Отключить
СМ,Ремонт стиральных машин,БТ,СМ,Светлый (Калининград),Калининград,да,Увеличить,,Отключить
СМ,Ремонт стиральных машин,БТ,СМ,Севастополь,Севастополь,нет,Увеличить,,без изменений
СМ,Ремонт стиральных машин,БТ,СМ,Симферополь (Севастополь),Севастополь,да,Увеличить,,без изменений
СМ,Ремонт стиральных машин,БТ,СМ,Сочи,Сочи,нет,Увеличить,,Отключить
СМ,Ремонт стиральных машин,БТ,СМ,Ставрополь,Ставрополь,нет,Увеличить,,Отключить
СМ,Ремонт стиральных машин,БТ,СМ,Сыктывкар,Сыктывкар,нет,Увеличить,,без изменений
СМ,Ремонт стиральных машин,БТ,СМ,Таганрог,Таганрог,нет,Увеличить,,Отключить
СМ,Ремонт стиральных машин,БТ,СМ,Тверь,Тверь,нет,Увеличить,,без изменений
СМ,Ремонт стиральных машин,БТ,СМ,Тольятти,Тольятти,нет,Увеличить,,без изменений
СМ,Ремонт стиральных машин,БТ,СМ,Уфа,Уфа,нет,Увеличить,,Отключить
СМ,Ремонт стиральных машин,БТ,СМ,Цивильск (Чебоксары),Чебоксары,да,Увеличить,,Отключить
СМ,Ремонт стиральных машин,БТ,СМ,Чебоксары,Чебоксары,нет,Увеличить,,Отключить
СМ,Ремонт стиральных машин,БТ,СМ,Энгельс (Саратов),Саратов,да,Увеличить,,без изменений
СМ,Ремонт стиральных машин,БТ,СМ,Арамиль (Екатеринбург),Екатеринбург,да,без изменений,,Увеличить
СМ,Ремонт стиральных машин,БТ,СМ,Балахна (Нижний Новгород),Нижний Новгород,да,без изменений,,Отключить
СМ,Ремонт стиральных машин,БТ,СМ,Белгород,Белгород,нет,без изменений,✓,Увеличить
СМ,Ремонт стиральных машин,БТ,СМ,Берёзовский (Екатеринбург),Екатеринбург,да,без изменений,,Увеличить
СМ,Ремонт стиральных машин,БТ,СМ,Богородск (Нижний Новгород),Нижний Новгород,да,без изменений,,Отключить
СМ,Ремонт стиральных машин,БТ,СМ,Бор (Нижний Новгород),Нижний Новгород,да,без изменений,,Отключить
СМ,Ремонт стиральных машин,БТ,СМ,Верхняя Пышма (Екатеринбург),Екатеринбург,да,без изменений,,Увеличить
СМ,Ремонт стиральных машин,БТ,СМ,Екатеринбург,Екатеринбург,нет,без изменений,,Увеличить
СМ,Ремонт стиральных машин,БТ,СМ,Елабуга (Набережные Челны),Набережные Челны,да,без изменений,,Увеличить
СМ,Ремонт стиральных машин,БТ,СМ,Зеленодольск (Казань),Казань,да,без изменений,,Отключить
СМ,Ремонт стиральных машин,БТ,СМ,Кирово-Чепецк (Киров),Киров,да,без изменений,,Отключить
СМ,Ремонт стиральных машин,БТ,СМ,Краснокамск (Пермь),Пермь,да,без изменений,,Увеличить
СМ,Ремонт стиральных машин,БТ,СМ,Красноярск,Красноярск,нет,без изменений,,Увеличить
СМ,Ремонт стиральных машин,БТ,СМ,Кстово (Нижний Новгород),Нижний Новгород,да,без изменений,,Отключить
СМ,Ремонт стиральных машин,БТ,СМ,Москва,Москва,нет,без изменений,,Отключить
СМ,Ремонт стиральных машин,БТ,СМ,Нижний Новгород,Нижний Новгород,нет,без изменений,,Увеличить
СМ,Ремонт стиральных машин,БТ,СМ,Новокуйбышевск (Самара),Самара,да,без изменений,,Отключить
СМ,Ремонт стиральных машин,БТ,СМ,Новосибирск,Новосибирск,нет,без изменений,,Отключить
СМ,Ремонт стиральных машин,БТ,СМ,Новоульяновск (Ульяновск),Ульяновск,да,без изменений,,Увеличить
СМ,Ремонт стиральных машин,БТ,СМ,Омск,Омск,нет,без изменений,,Отключить
СМ,Ремонт стиральных машин,БТ,СМ,Пермь,Пермь,нет,без изменений,,Увеличить
СМ,Ремонт стиральных машин,БТ,СМ,Рязань,Рязань,нет,без изменений,,Отключить
СМ,Ремонт стиральных машин,БТ,СМ,Санкт-Петербург,Санкт-Петербург,нет,без изменений,,Увеличить
СМ,Ремонт стиральных машин,БТ,СМ,Среднеуральск (Екатеринбург),Екатеринбург,да,без изменений,,Увеличить
СМ,Ремонт стиральных машин,БТ,СМ,Ульяновск,Ульяновск,нет,без изменений,,Увеличить
СМ,Ремонт стиральных машин,БТ,СМ,Чапаевск (Самара),Самара,да,без изменений,,Отключить
СМ,Ремонт стиральных машин,БТ,СМ,Адыгейск (Краснодар),Краснодар,да,Отключить,,Отключить
СМ,Ремонт стиральных машин,БТ,СМ,Азов (Ростов-на-Дону),Ростов-на-Дону,да,Отключить,,Отключить
СМ,Ремонт стиральных машин,БТ,СМ,Аксай (Ростов-на-Дону),Ростов-на-Дону,да,Отключить,,Отключить
СМ,Ремонт стиральных машин,БТ,СМ,Ангарск (Иркутск),Иркутск,да,Отключить,,Отключить
СМ,Ремонт стиральных машин,БТ,СМ,Архангельск,Архангельск,нет,Отключить,,Отключить
СМ,Ремонт стиральных машин,БТ,СМ,Балаклава (Севастополь),Севастополь,да,Отключить,,Отключить
СМ,Ремонт стиральных машин,БТ,СМ,Балашиха (Москва),Москва,да,Отключить,,Отключить
СМ,Ремонт стиральных машин,БТ,СМ,Барнаул,Барнаул,нет,Отключить,,без изменений
СМ,Ремонт стиральных машин,БТ,СМ,Батайск (Ростов-на-Дону),Ростов-на-Дону,да,Отключить,,Отключить
СМ,Ремонт стиральных машин,БТ,СМ,Бахчисарай (Севастополь),Севастополь,да,Отключить,,Отключить
СМ,Ремонт стиральных машин,БТ,СМ,Белогорск (Севастополь),Севастополь,да,Отключить,,Отключить
СМ,Ремонт стиральных машин,БТ,СМ,Бердск (Новосибирск),Новосибирск,да,Отключить,,Отключить
СМ,Ремонт стиральных машин,БТ,СМ,Брянск,Брянск,нет,Отключить,,Отключить
СМ,Ремонт стиральных машин,БТ,СМ,Бугры (Санкт-Петербург),Санкт-Петербург,да,Отключить,,Отключить
СМ,Ремонт стиральных машин,БТ,СМ,Владимир,Владимир,нет,Отключить,,Отключить
СМ,Ремонт стиральных машин,БТ,СМ,Волжск (Казань),Казань,да,Отключить,,Отключить
СМ,Ремонт стиральных машин,БТ,СМ,Вологда,Вологда,нет,Отключить,,Увеличить
СМ,Ремонт стиральных машин,БТ,СМ,Всеволожск (Санкт-Петербург),Санкт-Петербург,да,Отключить,,Отключить
СМ,Ремонт стиральных машин,БТ,СМ,Гвардейск (Калининград),Калининград,да,Отключить,,Отключить
СМ,Ремонт стиральных машин,БТ,СМ,Дивногорск (Красноярск),Красноярск,да,Отключить,,Отключить
СМ,Ремонт стиральных машин,БТ,СМ,Евпатория (Севастополь),Севастополь,да,Отключить,,Отключить
СМ,Ремонт стиральных машин,БТ,СМ,Иркутск,Иркутск,нет,Отключить,,Отключить
СМ,Ремонт стиральных машин,БТ,СМ,Ишимбай (Уфа),Уфа,да,Отключить,,Отключить
СМ,Ремонт стиральных машин,БТ,СМ,Йошкар-Ола,Йошкар-Ола,нет,Отключить,,Увеличить
СМ,Ремонт стиральных машин,БТ,СМ,Калтан (Новокузнецк),Новокузнецк,да,Отключить,,Отключить
СМ,Ремонт стиральных машин,БТ,СМ,Калуга,Калуга,нет,Отключить,,без изменений
СМ,Ремонт стиральных машин,БТ,СМ,Колпино (Санкт-Петербург),Санкт-Петербург,да,Отключить,,Отключить
СМ,Ремонт стиральных машин,БТ,СМ,Копейск (Челябинск),Челябинск,да,Отключить,✓,Увеличить
СМ,Ремонт стиральных машин,БТ,СМ,Коркино (Челябинск),Челябинск,да,Отключить,✓,Увеличить
СМ,Ремонт стиральных машин,БТ,СМ,Кудрово (Санкт-Петербург),Санкт-Петербург,да,Отключить,,Отключить
СМ,Ремонт стиральных машин,БТ,СМ,Курск,Курск,нет,Отключить,,без изменений
СМ,Ремонт стиральных машин,БТ,СМ,Ломоносов (Санкт-Петербург),Санкт-Петербург,да,Отключить,,Отключить
СМ,Ремонт стиральных машин,БТ,СМ,Люберцы (Москва),Москва,да,Отключить,,Отключить
СМ,Ремонт стиральных машин,БТ,СМ,Магнитогорск,Магнитогорск,нет,Отключить,,Отключить
СМ,Ремонт стиральных машин,БТ,СМ,Мурино (Санкт-Петербург),Санкт-Петербург,да,Отключить,,Отключить
СМ,Ремонт стиральных машин,БТ,СМ,Мурманск,Мурманск,нет,Отключить,,Отключить
СМ,Ремонт стиральных машин,БТ,СМ,Нижний Тагил,Нижний Тагил,нет,Отключить,,Отключить
СМ,Ремонт стиральных машин,БТ,СМ,Новоалтайск (Барнаул),Барнаул,да,Отключить,,Отключить
СМ,Ремонт стиральных машин,БТ,СМ,Новокузнецк,Новокузнецк,нет,Отключить,,Отключить
СМ,Ремонт стиральных машин,БТ,СМ,Новомосковск (Тула),Тула,да,Отключить,,Отключить
СМ,Ремонт стиральных машин,БТ,СМ,Новочеркасск (Ростов-на-Дону),Ростов-на-Дону,да,Отключить,,Отключить
СМ,Ремонт стиральных машин,БТ,СМ,Октябрьск (Сызрань),Сызрань,да,Отключить,,Отключить
СМ,Ремонт стиральных машин,БТ,СМ,Орел,Орел,нет,Отключить,,без изменений
СМ,Ремонт стиральных машин,БТ,СМ,Осинники (Новокузнецк),Новокузнецк,да,Отключить,,Отключить
СМ,Ремонт стиральных машин,БТ,СМ,Павловск (Санкт-Петербург),Санкт-Петербург,да,Отключить,,Отключить
СМ,Ремонт стиральных машин,БТ,СМ,Первоуральск (Екатеринбург),Екатеринбург,да,Отключить,,Отключить
СМ,Ремонт стиральных машин,БТ,СМ,Петергоф (Санкт-Петербург),Санкт-Петербург,да,Отключить,,Отключить
СМ,Ремонт стиральных машин,БТ,СМ,Петрозаводск,Петрозаводск,нет,Отключить,✓,без изменений
СМ,Ремонт стиральных машин,БТ,СМ,Прокопьевск (Новокузнецк),Новокузнецк,да,Отключить,,Отключить
СМ,Ремонт стиральных машин,БТ,СМ,Пушкин (Санкт-Петербург),Санкт-Петербург,да,Отключить,,Отключить
СМ,Ремонт стиральных машин,БТ,СМ,Саки (Севастополь),Севастополь,да,Отключить,,Отключить
СМ,Ремонт стиральных машин,БТ,СМ,Салават (Уфа),Уфа,да,Отключить,,Отключить
СМ,Ремонт стиральных машин,БТ,СМ,Семилуки (Воронеж),Воронеж,да,Отключить,,Отключить
СМ,Ремонт стиральных машин,БТ,СМ,Сертолово (Санкт-Петербург),Санкт-Петербург,да,Отключить,,Отключить
СМ,Ремонт стиральных машин,БТ,СМ,Сестрорецк (Санкт-Петербург),Санкт-Петербург,да,Отключить,,Отключить
СМ,Ремонт стиральных машин,БТ,СМ,Смоленск,Смоленск,нет,Отключить,,Отключить
СМ,Ремонт стиральных машин,БТ,СМ,Сосновоборск (Красноярск),Красноярск,да,Отключить,,Отключить
СМ,Ремонт стиральных машин,БТ,СМ,Стерлитамак,Стерлитамак,нет,Отключить,,Отключить
СМ,Ремонт стиральных машин,БТ,СМ,Сургут,Сургут,нет,Отключить,,Отключить
СМ,Ремонт стиральных машин,БТ,СМ,Сызрань,Сызрань,нет,Отключить,,Отключить
СМ,Ремонт стиральных машин,БТ,СМ,Тамбов,Тамбов,нет,Отключить,,Отключить
СМ,Ремонт стиральных машин,БТ,СМ,Томск,Томск,нет,Отключить,,Увеличить
СМ,Ремонт стиральных машин,БТ,СМ,Топки (Кемерово),Кемерово,да,Отключить,,Отключить
СМ,Ремонт стиральных машин,БТ,СМ,Тула,Тула,нет,Отключить,,без изменений
СМ,Ремонт стиральных машин,БТ,СМ,Тутаев (Ярославль),Ярославль,да,Отключить,,без изменений
СМ,Ремонт стиральных машин,БТ,СМ,Тюмень,Тюмень,нет,Отключить,,Отключить
СМ,Ремонт стиральных машин,БТ,СМ,Усть-Лабинск (Краснодар),Краснодар,да,Отключить,,Отключить
СМ,Ремонт стиральных машин,БТ,СМ,Челябинск,Челябинск,нет,Отключить,✓,Увеличить
СМ,Ремонт стиральных машин,БТ,СМ,Череповец,Череповец,нет,Отключить,,Отключить
СМ,Ремонт стиральных машин,БТ,СМ,Шелехов (Иркутск),Иркутск,да,Отключить,,Отключить
СМ,Ремонт стиральных машин,БТ,СМ,Щёкино (Тула),Тула,да,Отключить,,без изменений
СМ,Ремонт стиральных машин,БТ,СМ,Ярославль,Ярославль,нет,Отключить,,без изменений
ХД,Ремонт холодильников,БТ,ХД,Арамиль (Екатеринбург),Екатеринбург,да,Увеличить,,Отключить
ХД,Ремонт холодильников,БТ,ХД,Астрахань,Астрахань,нет,Увеличить,,без изменений
ХД,Ремонт холодильников,БТ,ХД,Балтийск (Калининград),Калининград,да,Увеличить,,Отключить
ХД,Ремонт холодильников,БТ,ХД,Белгород,Белгород,нет,Увеличить,,без изменений
ХД,Ремонт холодильников,БТ,ХД,Берёзовский (Екатеринбург),Екатеринбург,да,Увеличить,,Отключить
ХД,Ремонт холодильников,БТ,ХД,Благовещенск (Уфа),Уфа,да,Увеличить,,Отключить
ХД,Ремонт холодильников,БТ,ХД,Верхняя Пышма (Екатеринбург),Екатеринбург,да,Увеличить,,Отключить
ХД,Ремонт холодильников,БТ,ХД,Волгоград,Волгоград,нет,Увеличить,,Отключить
ХД,Ремонт холодильников,БТ,ХД,Волжский (Волгоград),Волгоград,да,Увеличить,,Отключить
ХД,Ремонт холодильников,БТ,ХД,Воронеж,Воронеж,нет,Увеличить,,без изменений
ХД,Ремонт холодильников,БТ,ХД,Грязи (Липецк),Липецк,да,Увеличить,,Отключить
ХД,Ремонт холодильников,БТ,ХД,Екатеринбург,Екатеринбург,нет,Увеличить,,Отключить
ХД,Ремонт холодильников,БТ,ХД,Жигулёвск (Тольятти),Тольятти,да,Увеличить,✓,без изменений
ХД,Ремонт холодильников,БТ,ХД,Зеленоградск (Калининград),Калининград,да,Увеличить,,Отключить
ХД,Ремонт холодильников,БТ,ХД,Иваново,Иваново,нет,Увеличить,,Отключить
ХД,Ремонт холодильников,БТ,ХД,Ижевск,Ижевск,нет,Увеличить,,Отключить
ХД,Ремонт холодильников,БТ,ХД,Казань,Казань,нет,Увеличить,,без изменений
ХД,Ремонт холодильников,БТ,ХД,Калининград,Калининград,нет,Увеличить,,без изменений
ХД,Ремонт холодильников,БТ,ХД,Калуга,Калуга,нет,Увеличить,✓,без изменений
ХД,Ремонт холодильников,БТ,ХД,Кемерово,Кемерово,нет,Увеличить,,Отключить
ХД,Ремонт холодильников,БТ,ХД,Киров,Киров,нет,Увеличить,,без изменений
ХД,Ремонт холодильников,БТ,ХД,Копейск (Челябинск),Челябинск,да,Увеличить,,Отключить
ХД,Ремонт холодильников,БТ,ХД,Коркино (Челябинск),Челябинск,да,Увеличить,,Отключить
ХД,Ремонт холодильников,БТ,ХД,Кострома,Кострома,нет,Увеличить,,без изменений
ХД,Ремонт холодильников,БТ,ХД,Краснодар,Краснодар,нет,Увеличить,,без изменений
ХД,Ремонт холодильников,БТ,ХД,Красноярск,Красноярск,нет,Увеличить,,без изменений
ХД,Ремонт холодильников,БТ,ХД,Липецк,Липецк,нет,Увеличить,,Отключить
ХД,Ремонт холодильников,БТ,ХД,Магнитогорск,Магнитогорск,нет,Увеличить,,без изменений
ХД,Ремонт холодильников,БТ,ХД,Нижний Новгород,Нижний Новгород,нет,Увеличить,,без изменений
ХД,Ремонт холодильников,БТ,ХД,Новочебоксарск (Чебоксары),Чебоксары,да,Увеличить,,Отключить
ХД,Ремонт холодильников,БТ,ХД,Орел,Орел,нет,Увеличить,,без изменений
ХД,Ремонт холодильников,БТ,ХД,Оренбург,Оренбург,нет,Увеличить,,без изменений
ХД,Ремонт холодильников,БТ,ХД,Пермь,Пермь,нет,Увеличить,,Отключить
ХД,Ремонт холодильников,БТ,ХД,Ростов-на-Дону,Ростов-на-Дону,нет,Увеличить,,Отключить
ХД,Ремонт холодильников,БТ,ХД,Рязань,Рязань,нет,Увеличить,,без изменений
ХД,Ремонт холодильников,БТ,ХД,Самара,Самара,нет,Увеличить,,без изменений
ХД,Ремонт холодильников,БТ,ХД,Светлогорск (Калининград),Калининград,да,Увеличить,,Отключить
ХД,Ремонт холодильников,БТ,ХД,Светлый (Калининград),Калининград,да,Увеличить,,Отключить
ХД,Ремонт холодильников,БТ,ХД,Севастополь,Севастополь,нет,Увеличить,,без изменений
ХД,Ремонт холодильников,БТ,ХД,Симферополь (Севастополь),Севастополь,да,Увеличить,,без изменений
ХД,Ремонт холодильников,БТ,ХД,Сочи,Сочи,нет,Увеличить,,Отключить
ХД,Ремонт холодильников,БТ,ХД,Среднеуральск (Екатеринбург),Екатеринбург,да,Увеличить,,Отключить
ХД,Ремонт холодильников,БТ,ХД,Ставрополь,Ставрополь,нет,Увеличить,,Отключить
ХД,Ремонт холодильников,БТ,ХД,Сыктывкар,Сыктывкар,нет,Увеличить,,Отключить
ХД,Ремонт холодильников,БТ,ХД,Таганрог,Таганрог,нет,Увеличить,,Отключить
ХД,Ремонт холодильников,БТ,ХД,Тверь,Тверь,нет,Увеличить,,без изменений
ХД,Ремонт холодильников,БТ,ХД,Тольятти,Тольятти,нет,Увеличить,,Отключить
ХД,Ремонт холодильников,БТ,ХД,Ульяновск,Ульяновск,нет,Увеличить,,без изменений
ХД,Ремонт холодильников,БТ,ХД,Уфа,Уфа,нет,Увеличить,,Отключить
ХД,Ремонт холодильников,БТ,ХД,Цивильск (Чебоксары),Чебоксары,да,Увеличить,,Отключить
ХД,Ремонт холодильников,БТ,ХД,Чебоксары,Чебоксары,нет,Увеличить,,Отключить
ХД,Ремонт холодильников,БТ,ХД,Челябинск,Челябинск,нет,Увеличить,,Отключить
ХД,Ремонт холодильников,БТ,ХД,Балахна (Нижний Новгород),Нижний Новгород,да,без изменений,,Отключить
ХД,Ремонт холодильников,БТ,ХД,Богородск (Нижний Новгород),Нижний Новгород,да,без изменений,,Отключить
ХД,Ремонт холодильников,БТ,ХД,Бор (Нижний Новгород),Нижний Новгород,да,без изменений,,Отключить
ХД,Ремонт холодильников,БТ,ХД,Бугры (Санкт-Петербург),Санкт-Петербург,да,без изменений,✓,Отключить
ХД,Ремонт холодильников,БТ,ХД,Всеволожск (Санкт-Петербург),Санкт-Петербург,да,без изменений,✓,Отключить
ХД,Ремонт холодильников,БТ,ХД,Зеленодольск (Казань),Казань,да,без изменений,,Увеличить
ХД,Ремонт холодильников,БТ,ХД,Камызяк (Астрахань),Астрахань,да,без изменений,,Увеличить
ХД,Ремонт холодильников,БТ,ХД,Кирово-Чепецк (Киров),Киров,да,без изменений,,Отключить
ХД,Ремонт холодильников,БТ,ХД,Колпино (Санкт-Петербург),Санкт-Петербург,да,без изменений,✓,Отключить
ХД,Ремонт холодильников,БТ,ХД,Кстово (Нижний Новгород),Нижний Новгород,да,без изменений,,Отключить
ХД,Ремонт холодильников,БТ,ХД,Кудрово (Санкт-Петербург),Санкт-Петербург,да,без изменений,✓,Отключить
ХД,Ремонт холодильников,БТ,ХД,Ломоносов (Санкт-Петербург),Санкт-Петербург,да,без изменений,✓,Отключить
ХД,Ремонт холодильников,БТ,ХД,Михайловск (Ставрополь),Ставрополь,да,без изменений,,Отключить
ХД,Ремонт холодильников,БТ,ХД,Москва,Москва,нет,без изменений,,Отключить
ХД,Ремонт холодильников,БТ,ХД,Мурино (Санкт-Петербург),Санкт-Петербург,да,без изменений,✓,Отключить
ХД,Ремонт холодильников,БТ,ХД,Новокуйбышевск (Самара),Самара,да,без изменений,,Отключить
ХД,Ремонт холодильников,БТ,ХД,Новосибирск,Новосибирск,нет,без изменений,,Отключить
ХД,Ремонт холодильников,БТ,ХД,Новоульяновск (Ульяновск),Ульяновск,да,без изменений,,Отключить
ХД,Ремонт холодильников,БТ,ХД,Павловск (Санкт-Петербург),Санкт-Петербург,да,без изменений,✓,Отключить
ХД,Ремонт холодильников,БТ,ХД,Петергоф (Санкт-Петербург),Санкт-Петербург,да,без изменений,✓,Отключить
ХД,Ремонт холодильников,БТ,ХД,Пушкин (Санкт-Петербург),Санкт-Петербург,да,без изменений,✓,Отключить
ХД,Ремонт холодильников,БТ,ХД,Санкт-Петербург,Санкт-Петербург,нет,без изменений,✓,Увеличить
ХД,Ремонт холодильников,БТ,ХД,Саратов,Саратов,нет,без изменений,,Увеличить
ХД,Ремонт холодильников,БТ,ХД,Сертолово (Санкт-Петербург),Санкт-Петербург,да,без изменений,✓,Отключить
ХД,Ремонт холодильников,БТ,ХД,Сестрорецк (Санкт-Петербург),Санкт-Петербург,да,без изменений,✓,Отключить
ХД,Ремонт холодильников,БТ,ХД,Сызрань,Сызрань,нет,без изменений,✓,Отключить
ХД,Ремонт холодильников,БТ,ХД,Томск,Томск,нет,без изменений,,Увеличить
ХД,Ремонт холодильников,БТ,ХД,Тутаев (Ярославль),Ярославль,да,без изменений,,Увеличить
ХД,Ремонт холодильников,БТ,ХД,Чапаевск (Самара),Самара,да,без изменений,,Отключить
ХД,Ремонт холодильников,БТ,ХД,Энгельс (Саратов),Саратов,да,без изменений,,Увеличить
ХД,Ремонт холодильников,БТ,ХД,Ярославль,Ярославль,нет,без изменений,,Увеличить
ХД,Ремонт холодильников,БТ,ХД,Адыгейск (Краснодар),Краснодар,да,Отключить,,Отключить
ХД,Ремонт холодильников,БТ,ХД,Азов (Ростов-на-Дону),Ростов-на-Дону,да,Отключить,,Отключить
ХД,Ремонт холодильников,БТ,ХД,Аксай (Ростов-на-Дону),Ростов-на-Дону,да,Отключить,,Отключить
ХД,Ремонт холодильников,БТ,ХД,Ангарск (Иркутск),Иркутск,да,Отключить,,Отключить
ХД,Ремонт холодильников,БТ,ХД,Архангельск,Архангельск,нет,Отключить,,Отключить
ХД,Ремонт холодильников,БТ,ХД,Балаклава (Севастополь),Севастополь,да,Отключить,,Отключить
ХД,Ремонт холодильников,БТ,ХД,Балашиха (Москва),Москва,да,Отключить,,Отключить
ХД,Ремонт холодильников,БТ,ХД,Барнаул,Барнаул,нет,Отключить,,без изменений
ХД,Ремонт холодильников,БТ,ХД,Батайск (Ростов-на-Дону),Ростов-на-Дону,да,Отключить,,Отключить
ХД,Ремонт холодильников,БТ,ХД,Бахчисарай (Севастополь),Севастополь,да,Отключить,,Отключить
ХД,Ремонт холодильников,БТ,ХД,Белогорск (Севастополь),Севастополь,да,Отключить,,Отключить
ХД,Ремонт холодильников,БТ,ХД,Бердск (Новосибирск),Новосибирск,да,Отключить,,Отключить
ХД,Ремонт холодильников,БТ,ХД,Брянск,Брянск,нет,Отключить,,Отключить
ХД,Ремонт холодильников,БТ,ХД,Владимир,Владимир,нет,Отключить,,Увеличить
ХД,Ремонт холодильников,БТ,ХД,Волжск (Казань),Казань,да,Отключить,,Отключить
ХД,Ремонт холодильников,БТ,ХД,Вологда,Вологда,нет,Отключить,,Отключить
ХД,Ремонт холодильников,БТ,ХД,Гвардейск (Калининград),Калининград,да,Отключить,,Отключить
ХД,Ремонт холодильников,БТ,ХД,Дивногорск (Красноярск),Красноярск,да,Отключить,,Отключить
ХД,Ремонт холодильников,БТ,ХД,Евпатория (Севастополь),Севастополь,да,Отключить,,Отключить
ХД,Ремонт холодильников,БТ,ХД,Елабуга (Набережные Челны),Набережные Челны,да,Отключить,,Отключить
ХД,Ремонт холодильников,БТ,ХД,Иркутск,Иркутск,нет,Отключить,,без изменений
ХД,Ремонт холодильников,БТ,ХД,Ишимбай (Уфа),Уфа,да,Отключить,,Отключить
ХД,Ремонт холодильников,БТ,ХД,Йошкар-Ола,Йошкар-Ола,нет,Отключить,,Отключить
ХД,Ремонт холодильников,БТ,ХД,Калтан (Новокузнецк),Новокузнецк,да,Отключить,,Отключить
ХД,Ремонт холодильников,БТ,ХД,Краснокамск (Пермь),Пермь,да,Отключить,,без изменений
ХД,Ремонт холодильников,БТ,ХД,Курск,Курск,нет,Отключить,,без изменений
ХД,Ремонт холодильников,БТ,ХД,Люберцы (Москва),Москва,да,Отключить,,Отключить
ХД,Ремонт холодильников,БТ,ХД,Менделеевск (Набережные Челны),Набережные Челны,да,Отключить,,Увеличить
ХД,Ремонт холодильников,БТ,ХД,Мурманск,Мурманск,нет,Отключить,,без изменений
ХД,Ремонт холодильников,БТ,ХД,Набережные Челны,Набережные Челны,нет,Отключить,,Отключить
ХД,Ремонт холодильников,БТ,ХД,Нижнекамск (Набережные Челны),Набережные Челны,да,Отключить,,Отключить
ХД,Ремонт холодильников,БТ,ХД,Нижний Тагил,Нижний Тагил,нет,Отключить,,Отключить
ХД,Ремонт холодильников,БТ,ХД,Новоалтайск (Барнаул),Барнаул,да,Отключить,,Отключить
ХД,Ремонт холодильников,БТ,ХД,Новокузнецк,Новокузнецк,нет,Отключить,,Отключить
ХД,Ремонт холодильников,БТ,ХД,Новомосковск (Тула),Тула,да,Отключить,,Отключить
ХД,Ремонт холодильников,БТ,ХД,Новочеркасск (Ростов-на-Дону),Ростов-на-Дону,да,Отключить,,Отключить
ХД,Ремонт холодильников,БТ,ХД,Октябрьск (Сызрань),Сызрань,да,Отключить,,Отключить
ХД,Ремонт холодильников,БТ,ХД,Омск,Омск,нет,Отключить,,Отключить
ХД,Ремонт холодильников,БТ,ХД,Осинники (Новокузнецк),Новокузнецк,да,Отключить,,Отключить
ХД,Ремонт холодильников,БТ,ХД,Первоуральск (Екатеринбург),Екатеринбург,да,Отключить,,Отключить
ХД,Ремонт холодильников,БТ,ХД,Петрозаводск,Петрозаводск,нет,Отключить,,Отключить
ХД,Ремонт холодильников,БТ,ХД,Прокопьевск (Новокузнецк),Новокузнецк,да,Отключить,,Отключить
ХД,Ремонт холодильников,БТ,ХД,Саки (Севастополь),Севастополь,да,Отключить,,Отключить
ХД,Ремонт холодильников,БТ,ХД,Салават (Уфа),Уфа,да,Отключить,,Отключить
ХД,Ремонт холодильников,БТ,ХД,Семилуки (Воронеж),Воронеж,да,Отключить,,Отключить
ХД,Ремонт холодильников,БТ,ХД,Смоленск,Смоленск,нет,Отключить,,Отключить
ХД,Ремонт холодильников,БТ,ХД,Сосновоборск (Красноярск),Красноярск,да,Отключить,,Отключить
ХД,Ремонт холодильников,БТ,ХД,Стерлитамак,Стерлитамак,нет,Отключить,,Отключить
ХД,Ремонт холодильников,БТ,ХД,Сургут,Сургут,нет,Отключить,,Отключить
ХД,Ремонт холодильников,БТ,ХД,Тамбов,Тамбов,нет,Отключить,,Отключить
ХД,Ремонт холодильников,БТ,ХД,Топки (Кемерово),Кемерово,да,Отключить,,Отключить
ХД,Ремонт холодильников,БТ,ХД,Тула,Тула,нет,Отключить,,Отключить
ХД,Ремонт холодильников,БТ,ХД,Тюмень,Тюмень,нет,Отключить,,Отключить
ХД,Ремонт холодильников,БТ,ХД,Усть-Лабинск (Краснодар),Краснодар,да,Отключить,,Отключить
ХД,Ремонт холодильников,БТ,ХД,Череповец,Череповец,нет,Отключить,,Отключить
ХД,Ремонт холодильников,БТ,ХД,Шелехов (Иркутск),Иркутск,да,Отключить,,Отключить
ХД,Ремонт холодильников,БТ,ХД,Щёкино (Тула),Тула,да,Отключить,,Отключить
ПМ,Ремонт посудомоечных машин,БТ,ПМ,Астрахань,Астрахань,нет,Увеличить,,без изменений
ПМ,Ремонт посудомоечных машин,БТ,ПМ,Балтийск (Калининград),Калининград,да,Увеличить,,Отключить
ПМ,Ремонт посудомоечных машин,БТ,ПМ,Благовещенск (Уфа),Уфа,да,Увеличить,,Отключить
ПМ,Ремонт посудомоечных машин,БТ,ПМ,Волгоград,Волгоград,нет,Увеличить,,Отключить
ПМ,Ремонт посудомоечных машин,БТ,ПМ,Волжский (Волгоград),Волгоград,да,Увеличить,,Отключить
ПМ,Ремонт посудомоечных машин,БТ,ПМ,Воронеж,Воронеж,нет,Увеличить,,Отключить
ПМ,Ремонт посудомоечных машин,БТ,ПМ,Грязи (Липецк),Липецк,да,Увеличить,,Отключить
ПМ,Ремонт посудомоечных машин,БТ,ПМ,Жигулёвск (Тольятти),Тольятти,да,Увеличить,,без изменений
ПМ,Ремонт посудомоечных машин,БТ,ПМ,Зеленоградск (Калининград),Калининград,да,Увеличить,,Отключить
ПМ,Ремонт посудомоечных машин,БТ,ПМ,Иваново,Иваново,нет,Увеличить,,Отключить
ПМ,Ремонт посудомоечных машин,БТ,ПМ,Ижевск,Ижевск,нет,Увеличить,,Отключить
ПМ,Ремонт посудомоечных машин,БТ,ПМ,Казань,Казань,нет,Увеличить,,без изменений
ПМ,Ремонт посудомоечных машин,БТ,ПМ,Калининград,Калининград,нет,Увеличить,,Отключить
ПМ,Ремонт посудомоечных машин,БТ,ПМ,Камызяк (Астрахань),Астрахань,да,Увеличить,,без изменений
ПМ,Ремонт посудомоечных машин,БТ,ПМ,Кемерово,Кемерово,нет,Увеличить,,Отключить
ПМ,Ремонт посудомоечных машин,БТ,ПМ,Киров,Киров,нет,Увеличить,,без изменений
ПМ,Ремонт посудомоечных машин,БТ,ПМ,Кострома,Кострома,нет,Увеличить,,без изменений
ПМ,Ремонт посудомоечных машин,БТ,ПМ,Краснодар,Краснодар,нет,Увеличить,,Отключить
ПМ,Ремонт посудомоечных машин,БТ,ПМ,Липецк,Липецк,нет,Увеличить,,Отключить
ПМ,Ремонт посудомоечных машин,БТ,ПМ,Менделеевск (Набережные Челны),Набережные Челны,да,Увеличить,,Отключить
ПМ,Ремонт посудомоечных машин,БТ,ПМ,Михайловск (Ставрополь),Ставрополь,да,Увеличить,,Отключить
ПМ,Ремонт посудомоечных машин,БТ,ПМ,Набережные Челны,Набережные Челны,нет,Увеличить,,Отключить
ПМ,Ремонт посудомоечных машин,БТ,ПМ,Нижнекамск (Набережные Челны),Набережные Челны,да,Увеличить,,Отключить
ПМ,Ремонт посудомоечных машин,БТ,ПМ,Новочебоксарск (Чебоксары),Чебоксары,да,Увеличить,,Отключить
ПМ,Ремонт посудомоечных машин,БТ,ПМ,Оренбург,Оренбург,нет,Увеличить,,без изменений
ПМ,Ремонт посудомоечных машин,БТ,ПМ,Ростов-на-Дону,Ростов-на-Дону,нет,Увеличить,,Отключить
ПМ,Ремонт посудомоечных машин,БТ,ПМ,Самара,Самара,нет,Увеличить,,без изменений
ПМ,Ремонт посудомоечных машин,БТ,ПМ,Саратов,Саратов,нет,Увеличить,,без изменений
ПМ,Ремонт посудомоечных машин,БТ,ПМ,Светлогорск (Калининград),Калининград,да,Увеличить,,Отключить
ПМ,Ремонт посудомоечных машин,БТ,ПМ,Светлый (Калининград),Калининград,да,Увеличить,,Отключить
ПМ,Ремонт посудомоечных машин,БТ,ПМ,Севастополь,Севастополь,нет,Увеличить,,без изменений
ПМ,Ремонт посудомоечных машин,БТ,ПМ,Симферополь (Севастополь),Севастополь,да,Увеличить,,без изменений
ПМ,Ремонт посудомоечных машин,БТ,ПМ,Сочи,Сочи,нет,Увеличить,,Отключить
ПМ,Ремонт посудомоечных машин,БТ,ПМ,Ставрополь,Ставрополь,нет,Увеличить,,Отключить
ПМ,Ремонт посудомоечных машин,БТ,ПМ,Сыктывкар,Сыктывкар,нет,Увеличить,,без изменений
ПМ,Ремонт посудомоечных машин,БТ,ПМ,Таганрог,Таганрог,нет,Увеличить,,Отключить
ПМ,Ремонт посудомоечных машин,БТ,ПМ,Тверь,Тверь,нет,Увеличить,,без изменений
ПМ,Ремонт посудомоечных машин,БТ,ПМ,Тольятти,Тольятти,нет,Увеличить,,без изменений
ПМ,Ремонт посудомоечных машин,БТ,ПМ,Уфа,Уфа,нет,Увеличить,,Отключить
ПМ,Ремонт посудомоечных машин,БТ,ПМ,Цивильск (Чебоксары),Чебоксары,да,Увеличить,,Отключить
ПМ,Ремонт посудомоечных машин,БТ,ПМ,Чебоксары,Чебоксары,нет,Увеличить,,Отключить
ПМ,Ремонт посудомоечных машин,БТ,ПМ,Энгельс (Саратов),Саратов,да,Увеличить,,без изменений
ПМ,Ремонт посудомоечных машин,БТ,ПМ,Арамиль (Екатеринбург),Екатеринбург,да,без изменений,,Увеличить
ПМ,Ремонт посудомоечных машин,БТ,ПМ,Балахна (Нижний Новгород),Нижний Новгород,да,без изменений,,Отключить
ПМ,Ремонт посудомоечных машин,БТ,ПМ,Белгород,Белгород,нет,без изменений,✓,Увеличить
ПМ,Ремонт посудомоечных машин,БТ,ПМ,Берёзовский (Екатеринбург),Екатеринбург,да,без изменений,,Увеличить
ПМ,Ремонт посудомоечных машин,БТ,ПМ,Богородск (Нижний Новгород),Нижний Новгород,да,без изменений,,Отключить
ПМ,Ремонт посудомоечных машин,БТ,ПМ,Бор (Нижний Новгород),Нижний Новгород,да,без изменений,,Отключить
ПМ,Ремонт посудомоечных машин,БТ,ПМ,Верхняя Пышма (Екатеринбург),Екатеринбург,да,без изменений,,Увеличить
ПМ,Ремонт посудомоечных машин,БТ,ПМ,Екатеринбург,Екатеринбург,нет,без изменений,,Увеличить
ПМ,Ремонт посудомоечных машин,БТ,ПМ,Елабуга (Набережные Челны),Набережные Челны,да,без изменений,,Увеличить
ПМ,Ремонт посудомоечных машин,БТ,ПМ,Зеленодольск (Казань),Казань,да,без изменений,,Отключить
ПМ,Ремонт посудомоечных машин,БТ,ПМ,Кирово-Чепецк (Киров),Киров,да,без изменений,,Отключить
ПМ,Ремонт посудомоечных машин,БТ,ПМ,Краснокамск (Пермь),Пермь,да,без изменений,,Увеличить
ПМ,Ремонт посудомоечных машин,БТ,ПМ,Красноярск,Красноярск,нет,без изменений,,Увеличить
ПМ,Ремонт посудомоечных машин,БТ,ПМ,Кстово (Нижний Новгород),Нижний Новгород,да,без изменений,,Отключить
ПМ,Ремонт посудомоечных машин,БТ,ПМ,Москва,Москва,нет,без изменений,,Отключить
ПМ,Ремонт посудомоечных машин,БТ,ПМ,Нижний Новгород,Нижний Новгород,нет,без изменений,,Увеличить
ПМ,Ремонт посудомоечных машин,БТ,ПМ,Новокуйбышевск (Самара),Самара,да,без изменений,,Отключить
ПМ,Ремонт посудомоечных машин,БТ,ПМ,Новосибирск,Новосибирск,нет,без изменений,,Отключить
ПМ,Ремонт посудомоечных машин,БТ,ПМ,Новоульяновск (Ульяновск),Ульяновск,да,без изменений,,Увеличить
ПМ,Ремонт посудомоечных машин,БТ,ПМ,Омск,Омск,нет,без изменений,,Отключить
ПМ,Ремонт посудомоечных машин,БТ,ПМ,Пермь,Пермь,нет,без изменений,,Увеличить
ПМ,Ремонт посудомоечных машин,БТ,ПМ,Рязань,Рязань,нет,без изменений,,Отключить
ПМ,Ремонт посудомоечных машин,БТ,ПМ,Санкт-Петербург,Санкт-Петербург,нет,без изменений,,Увеличить
ПМ,Ремонт посудомоечных машин,БТ,ПМ,Среднеуральск (Екатеринбург),Екатеринбург,да,без изменений,,Увеличить
ПМ,Ремонт посудомоечных машин,БТ,ПМ,Ульяновск,Ульяновск,нет,без изменений,,Увеличить
ПМ,Ремонт посудомоечных машин,БТ,ПМ,Чапаевск (Самара),Самара,да,без изменений,,Отключить
ПМ,Ремонт посудомоечных машин,БТ,ПМ,Адыгейск (Краснодар),Краснодар,да,Отключить,,Отключить
ПМ,Ремонт посудомоечных машин,БТ,ПМ,Азов (Ростов-на-Дону),Ростов-на-Дону,да,Отключить,,Отключить
ПМ,Ремонт посудомоечных машин,БТ,ПМ,Аксай (Ростов-на-Дону),Ростов-на-Дону,да,Отключить,,Отключить
ПМ,Ремонт посудомоечных машин,БТ,ПМ,Ангарск (Иркутск),Иркутск,да,Отключить,,Отключить
ПМ,Ремонт посудомоечных машин,БТ,ПМ,Архангельск,Архангельск,нет,Отключить,,Отключить
ПМ,Ремонт посудомоечных машин,БТ,ПМ,Балаклава (Севастополь),Севастополь,да,Отключить,,Отключить
ПМ,Ремонт посудомоечных машин,БТ,ПМ,Балашиха (Москва),Москва,да,Отключить,,Отключить
ПМ,Ремонт посудомоечных машин,БТ,ПМ,Барнаул,Барнаул,нет,Отключить,,без изменений
ПМ,Ремонт посудомоечных машин,БТ,ПМ,Батайск (Ростов-на-Дону),Ростов-на-Дону,да,Отключить,,Отключить
ПМ,Ремонт посудомоечных машин,БТ,ПМ,Бахчисарай (Севастополь),Севастополь,да,Отключить,,Отключить
ПМ,Ремонт посудомоечных машин,БТ,ПМ,Белогорск (Севастополь),Севастополь,да,Отключить,,Отключить
ПМ,Ремонт посудомоечных машин,БТ,ПМ,Бердск (Новосибирск),Новосибирск,да,Отключить,,Отключить
ПМ,Ремонт посудомоечных машин,БТ,ПМ,Брянск,Брянск,нет,Отключить,,Отключить
ПМ,Ремонт посудомоечных машин,БТ,ПМ,Бугры (Санкт-Петербург),Санкт-Петербург,да,Отключить,,Отключить
ПМ,Ремонт посудомоечных машин,БТ,ПМ,Владимир,Владимир,нет,Отключить,,Отключить
ПМ,Ремонт посудомоечных машин,БТ,ПМ,Волжск (Казань),Казань,да,Отключить,,Отключить
ПМ,Ремонт посудомоечных машин,БТ,ПМ,Вологда,Вологда,нет,Отключить,,Увеличить
ПМ,Ремонт посудомоечных машин,БТ,ПМ,Всеволожск (Санкт-Петербург),Санкт-Петербург,да,Отключить,,Отключить
ПМ,Ремонт посудомоечных машин,БТ,ПМ,Гвардейск (Калининград),Калининград,да,Отключить,,Отключить
ПМ,Ремонт посудомоечных машин,БТ,ПМ,Дивногорск (Красноярск),Красноярск,да,Отключить,,Отключить
ПМ,Ремонт посудомоечных машин,БТ,ПМ,Евпатория (Севастополь),Севастополь,да,Отключить,,Отключить
ПМ,Ремонт посудомоечных машин,БТ,ПМ,Иркутск,Иркутск,нет,Отключить,,Отключить
ПМ,Ремонт посудомоечных машин,БТ,ПМ,Ишимбай (Уфа),Уфа,да,Отключить,,Отключить
ПМ,Ремонт посудомоечных машин,БТ,ПМ,Йошкар-Ола,Йошкар-Ола,нет,Отключить,,Увеличить
ПМ,Ремонт посудомоечных машин,БТ,ПМ,Калтан (Новокузнецк),Новокузнецк,да,Отключить,,Отключить
ПМ,Ремонт посудомоечных машин,БТ,ПМ,Калуга,Калуга,нет,Отключить,,без изменений
ПМ,Ремонт посудомоечных машин,БТ,ПМ,Колпино (Санкт-Петербург),Санкт-Петербург,да,Отключить,,Отключить
ПМ,Ремонт посудомоечных машин,БТ,ПМ,Копейск (Челябинск),Челябинск,да,Отключить,✓,Увеличить
ПМ,Ремонт посудомоечных машин,БТ,ПМ,Коркино (Челябинск),Челябинск,да,Отключить,✓,Увеличить
ПМ,Ремонт посудомоечных машин,БТ,ПМ,Кудрово (Санкт-Петербург),Санкт-Петербург,да,Отключить,,Отключить
ПМ,Ремонт посудомоечных машин,БТ,ПМ,Курск,Курск,нет,Отключить,,без изменений
ПМ,Ремонт посудомоечных машин,БТ,ПМ,Ломоносов (Санкт-Петербург),Санкт-Петербург,да,Отключить,,Отключить
ПМ,Ремонт посудомоечных машин,БТ,ПМ,Люберцы (Москва),Москва,да,Отключить,,Отключить
ПМ,Ремонт посудомоечных машин,БТ,ПМ,Магнитогорск,Магнитогорск,нет,Отключить,,Отключить
ПМ,Ремонт посудомоечных машин,БТ,ПМ,Мурино (Санкт-Петербург),Санкт-Петербург,да,Отключить,,Отключить
ПМ,Ремонт посудомоечных машин,БТ,ПМ,Мурманск,Мурманск,нет,Отключить,,Отключить
ПМ,Ремонт посудомоечных машин,БТ,ПМ,Нижний Тагил,Нижний Тагил,нет,Отключить,,Отключить
ПМ,Ремонт посудомоечных машин,БТ,ПМ,Новоалтайск (Барнаул),Барнаул,да,Отключить,,Отключить
ПМ,Ремонт посудомоечных машин,БТ,ПМ,Новокузнецк,Новокузнецк,нет,Отключить,,Отключить
ПМ,Ремонт посудомоечных машин,БТ,ПМ,Новомосковск (Тула),Тула,да,Отключить,,Отключить
ПМ,Ремонт посудомоечных машин,БТ,ПМ,Новочеркасск (Ростов-на-Дону),Ростов-на-Дону,да,Отключить,,Отключить
ПМ,Ремонт посудомоечных машин,БТ,ПМ,Октябрьск (Сызрань),Сызрань,да,Отключить,,Отключить
ПМ,Ремонт посудомоечных машин,БТ,ПМ,Орел,Орел,нет,Отключить,,без изменений
ПМ,Ремонт посудомоечных машин,БТ,ПМ,Осинники (Новокузнецк),Новокузнецк,да,Отключить,,Отключить
ПМ,Ремонт посудомоечных машин,БТ,ПМ,Павловск (Санкт-Петербург),Санкт-Петербург,да,Отключить,,Отключить
ПМ,Ремонт посудомоечных машин,БТ,ПМ,Первоуральск (Екатеринбург),Екатеринбург,да,Отключить,,Отключить
ПМ,Ремонт посудомоечных машин,БТ,ПМ,Петергоф (Санкт-Петербург),Санкт-Петербург,да,Отключить,,Отключить
ПМ,Ремонт посудомоечных машин,БТ,ПМ,Петрозаводск,Петрозаводск,нет,Отключить,✓,без изменений
ПМ,Ремонт посудомоечных машин,БТ,ПМ,Прокопьевск (Новокузнецк),Новокузнецк,да,Отключить,,Отключить
ПМ,Ремонт посудомоечных машин,БТ,ПМ,Пушкин (Санкт-Петербург),Санкт-Петербург,да,Отключить,,Отключить
ПМ,Ремонт посудомоечных машин,БТ,ПМ,Саки (Севастополь),Севастополь,да,Отключить,,Отключить
ПМ,Ремонт посудомоечных машин,БТ,ПМ,Салават (Уфа),Уфа,да,Отключить,,Отключить
ПМ,Ремонт посудомоечных машин,БТ,ПМ,Семилуки (Воронеж),Воронеж,да,Отключить,,Отключить
ПМ,Ремонт посудомоечных машин,БТ,ПМ,Сертолово (Санкт-Петербург),Санкт-Петербург,да,Отключить,,Отключить
ПМ,Ремонт посудомоечных машин,БТ,ПМ,Сестрорецк (Санкт-Петербург),Санкт-Петербург,да,Отключить,,Отключить
ПМ,Ремонт посудомоечных машин,БТ,ПМ,Смоленск,Смоленск,нет,Отключить,,Отключить
ПМ,Ремонт посудомоечных машин,БТ,ПМ,Сосновоборск (Красноярск),Красноярск,да,Отключить,,Отключить
ПМ,Ремонт посудомоечных машин,БТ,ПМ,Стерлитамак,Стерлитамак,нет,Отключить,,Отключить
ПМ,Ремонт посудомоечных машин,БТ,ПМ,Сургут,Сургут,нет,Отключить,,Отключить
ПМ,Ремонт посудомоечных машин,БТ,ПМ,Сызрань,Сызрань,нет,Отключить,,Отключить
ПМ,Ремонт посудомоечных машин,БТ,ПМ,Тамбов,Тамбов,нет,Отключить,,Отключить
ПМ,Ремонт посудомоечных машин,БТ,ПМ,Томск,Томск,нет,Отключить,,Увеличить
ПМ,Ремонт посудомоечных машин,БТ,ПМ,Топки (Кемерово),Кемерово,да,Отключить,,Отключить
ПМ,Ремонт посудомоечных машин,БТ,ПМ,Тула,Тула,нет,Отключить,,без изменений
ПМ,Ремонт посудомоечных машин,БТ,ПМ,Тутаев (Ярославль),Ярославль,да,Отключить,,без изменений
ПМ,Ремонт посудомоечных машин,БТ,ПМ,Тюмень,Тюмень,нет,Отключить,,Отключить
ПМ,Ремонт посудомоечных машин,БТ,ПМ,Усть-Лабинск (Краснодар),Краснодар,да,Отключить,,Отключить
ПМ,Ремонт посудомоечных машин,БТ,ПМ,Челябинск,Челябинск,нет,Отключить,✓,Увеличить
ПМ,Ремонт посудомоечных машин,БТ,ПМ,Череповец,Череповец,нет,Отключить,,Отключить
ПМ,Ремонт посудомоечных машин,БТ,ПМ,Шелехов (Иркутск),Иркутск,да,Отключить,,Отключить
ПМ,Ремонт посудомоечных машин,БТ,ПМ,Щёкино (Тула),Тула,да,Отключить,,без изменений
ПМ,Ремонт посудомоечных машин,БТ,ПМ,Ярославль,Ярославль,нет,Отключить,,без изменений
СП,Ремонт сплит-систем (кондиционеров),БТ,СП,Арамиль (Екатеринбург),Екатеринбург,да,Увеличить,,Отключить
СП,Ремонт сплит-систем (кондиционеров),БТ,СП,Астрахань,Астрахань,нет,Увеличить,,Отключить
СП,Ремонт сплит-систем (кондиционеров),БТ,СП,Берёзовский (Екатеринбург),Екатеринбург,да,Увеличить,,Отключить
СП,Ремонт сплит-систем (кондиционеров),БТ,СП,Благовещенск (Уфа),Уфа,да,Увеличить,,Отключить
СП,Ремонт сплит-систем (кондиционеров),БТ,СП,Верхняя Пышма (Екатеринбург),Екатеринбург,да,Увеличить,,Отключить
СП,Ремонт сплит-систем (кондиционеров),БТ,СП,Волгоград,Волгоград,нет,Увеличить,,Отключить
СП,Ремонт сплит-систем (кондиционеров),БТ,СП,Екатеринбург,Екатеринбург,нет,Увеличить,,без изменений
СП,Ремонт сплит-систем (кондиционеров),БТ,СП,Иваново,Иваново,нет,Увеличить,,Отключить
СП,Ремонт сплит-систем (кондиционеров),БТ,СП,Казань,Казань,нет,Увеличить,,без изменений
СП,Ремонт сплит-систем (кондиционеров),БТ,СП,Кемерово,Кемерово,нет,Увеличить,,Отключить
СП,Ремонт сплит-систем (кондиционеров),БТ,СП,Кострома,Кострома,нет,Увеличить,,Отключить
СП,Ремонт сплит-систем (кондиционеров),БТ,СП,Краснодар,Краснодар,нет,Увеличить,,Отключить
СП,Ремонт сплит-систем (кондиционеров),БТ,СП,Липецк,Липецк,нет,Увеличить,,Отключить
СП,Ремонт сплит-систем (кондиционеров),БТ,СП,Москва,Москва,нет,Увеличить,,Отключить
СП,Ремонт сплит-систем (кондиционеров),БТ,СП,Пермь,Пермь,нет,Увеличить,,Отключить
СП,Ремонт сплит-систем (кондиционеров),БТ,СП,Ростов-на-Дону,Ростов-на-Дону,нет,Увеличить,,Отключить
СП,Ремонт сплит-систем (кондиционеров),БТ,СП,Самара,Самара,нет,Увеличить,,без изменений
СП,Ремонт сплит-систем (кондиционеров),БТ,СП,Санкт-Петербург,Санкт-Петербург,нет,Увеличить,,Отключить
СП,Ремонт сплит-систем (кондиционеров),БТ,СП,Сочи,Сочи,нет,Увеличить,,без изменений
СП,Ремонт сплит-систем (кондиционеров),БТ,СП,Среднеуральск (Екатеринбург),Екатеринбург,да,Увеличить,,Отключить
СП,Ремонт сплит-систем (кондиционеров),БТ,СП,Ставрополь,Ставрополь,нет,Увеличить,,Отключить
СП,Ремонт сплит-систем (кондиционеров),БТ,СП,Таганрог,Таганрог,нет,Увеличить,,без изменений
СП,Ремонт сплит-систем (кондиционеров),БТ,СП,Тверь,Тверь,нет,Увеличить,,Отключить
СП,Ремонт сплит-систем (кондиционеров),БТ,СП,Тольятти,Тольятти,нет,Увеличить,,без изменений
СП,Ремонт сплит-систем (кондиционеров),БТ,СП,Уфа,Уфа,нет,Увеличить,,без изменений
СП,Ремонт сплит-систем (кондиционеров),БТ,СП,Белгород,Белгород,нет,без изменений,,Отключить
СП,Ремонт сплит-систем (кондиционеров),БТ,СП,Воронеж,Воронеж,нет,без изменений,,Отключить
СП,Ремонт сплит-систем (кондиционеров),БТ,СП,Нижний Новгород,Нижний Новгород,нет,без изменений,,Отключить
СП,Ремонт сплит-систем (кондиционеров),БТ,СП,Тамбов,Тамбов,нет,без изменений,,Увеличить
СП,Ремонт сплит-систем (кондиционеров),БТ,СП,Томск,Томск,нет,без изменений,,Отключить
СП,Ремонт сплит-систем (кондиционеров),БТ,СП,Ульяновск,Ульяновск,нет,без изменений,,Отключить
СП,Ремонт сплит-систем (кондиционеров),БТ,СП,Челябинск,Челябинск,нет,без изменений,,Отключить
СП,Ремонт сплит-систем (кондиционеров),БТ,СП,Адыгейск (Краснодар),Краснодар,да,Отключить,,Отключить
СП,Ремонт сплит-систем (кондиционеров),БТ,СП,Азов (Ростов-на-Дону),Ростов-на-Дону,да,Отключить,,Отключить
СП,Ремонт сплит-систем (кондиционеров),БТ,СП,Аксай (Ростов-на-Дону),Ростов-на-Дону,да,Отключить,,Отключить
СП,Ремонт сплит-систем (кондиционеров),БТ,СП,Ангарск (Иркутск),Иркутск,да,Отключить,,Отключить
СП,Ремонт сплит-систем (кондиционеров),БТ,СП,Архангельск,Архангельск,нет,Отключить,,Отключить
СП,Ремонт сплит-систем (кондиционеров),БТ,СП,Балаклава (Севастополь),Севастополь,да,Отключить,,Отключить
СП,Ремонт сплит-систем (кондиционеров),БТ,СП,Балахна (Нижний Новгород),Нижний Новгород,да,Отключить,,Отключить
СП,Ремонт сплит-систем (кондиционеров),БТ,СП,Балашиха (Москва),Москва,да,Отключить,,Отключить
СП,Ремонт сплит-систем (кондиционеров),БТ,СП,Балтийск (Калининград),Калининград,да,Отключить,,Отключить
СП,Ремонт сплит-систем (кондиционеров),БТ,СП,Барнаул,Барнаул,нет,Отключить,,Отключить
СП,Ремонт сплит-систем (кондиционеров),БТ,СП,Батайск (Ростов-на-Дону),Ростов-на-Дону,да,Отключить,,Отключить
СП,Ремонт сплит-систем (кондиционеров),БТ,СП,Бахчисарай (Севастополь),Севастополь,да,Отключить,,Отключить
СП,Ремонт сплит-систем (кондиционеров),БТ,СП,Белогорск (Севастополь),Севастополь,да,Отключить,,Отключить
СП,Ремонт сплит-систем (кондиционеров),БТ,СП,Бердск (Новосибирск),Новосибирск,да,Отключить,,Отключить
СП,Ремонт сплит-систем (кондиционеров),БТ,СП,Богородск (Нижний Новгород),Нижний Новгород,да,Отключить,,Отключить
СП,Ремонт сплит-систем (кондиционеров),БТ,СП,Бор (Нижний Новгород),Нижний Новгород,да,Отключить,,Отключить
СП,Ремонт сплит-систем (кондиционеров),БТ,СП,Брянск,Брянск,нет,Отключить,,Отключить
СП,Ремонт сплит-систем (кондиционеров),БТ,СП,Бугры (Санкт-Петербург),Санкт-Петербург,да,Отключить,,Отключить
СП,Ремонт сплит-систем (кондиционеров),БТ,СП,Владимир,Владимир,нет,Отключить,,Отключить
СП,Ремонт сплит-систем (кондиционеров),БТ,СП,Волжск (Казань),Казань,да,Отключить,,Отключить
СП,Ремонт сплит-систем (кондиционеров),БТ,СП,Волжский (Волгоград),Волгоград,да,Отключить,,Отключить
СП,Ремонт сплит-систем (кондиционеров),БТ,СП,Вологда,Вологда,нет,Отключить,,Отключить
СП,Ремонт сплит-систем (кондиционеров),БТ,СП,Всеволожск (Санкт-Петербург),Санкт-Петербург,да,Отключить,,Отключить
СП,Ремонт сплит-систем (кондиционеров),БТ,СП,Гвардейск (Калининград),Калининград,да,Отключить,,Отключить
СП,Ремонт сплит-систем (кондиционеров),БТ,СП,Грязи (Липецк),Липецк,да,Отключить,,Отключить
СП,Ремонт сплит-систем (кондиционеров),БТ,СП,Дивногорск (Красноярск),Красноярск,да,Отключить,,Отключить
СП,Ремонт сплит-систем (кондиционеров),БТ,СП,Евпатория (Севастополь),Севастополь,да,Отключить,,Отключить
СП,Ремонт сплит-систем (кондиционеров),БТ,СП,Елабуга (Набережные Челны),Набережные Челны,да,Отключить,,Отключить
СП,Ремонт сплит-систем (кондиционеров),БТ,СП,Жигулёвск (Тольятти),Тольятти,да,Отключить,,Отключить
СП,Ремонт сплит-систем (кондиционеров),БТ,СП,Зеленоградск (Калининград),Калининград,да,Отключить,,Отключить
СП,Ремонт сплит-систем (кондиционеров),БТ,СП,Зеленодольск (Казань),Казань,да,Отключить,,Отключить
СП,Ремонт сплит-систем (кондиционеров),БТ,СП,Ижевск,Ижевск,нет,Отключить,,Отключить
СП,Ремонт сплит-систем (кондиционеров),БТ,СП,Иркутск,Иркутск,нет,Отключить,,Отключить
СП,Ремонт сплит-систем (кондиционеров),БТ,СП,Ишимбай (Уфа),Уфа,да,Отключить,,Отключить
СП,Ремонт сплит-систем (кондиционеров),БТ,СП,Йошкар-Ола,Йошкар-Ола,нет,Отключить,,Отключить
СП,Ремонт сплит-систем (кондиционеров),БТ,СП,Калининград,Калининград,нет,Отключить,,Отключить
СП,Ремонт сплит-систем (кондиционеров),БТ,СП,Калтан (Новокузнецк),Новокузнецк,да,Отключить,,Отключить
СП,Ремонт сплит-систем (кондиционеров),БТ,СП,Калуга,Калуга,нет,Отключить,,Увеличить
СП,Ремонт сплит-систем (кондиционеров),БТ,СП,Камызяк (Астрахань),Астрахань,да,Отключить,,Отключить
СП,Ремонт сплит-систем (кондиционеров),БТ,СП,Киров,Киров,нет,Отключить,,Отключить
СП,Ремонт сплит-систем (кондиционеров),БТ,СП,Кирово-Чепецк (Киров),Киров,да,Отключить,,Отключить
СП,Ремонт сплит-систем (кондиционеров),БТ,СП,Колпино (Санкт-Петербург),Санкт-Петербург,да,Отключить,,Отключить
СП,Ремонт сплит-систем (кондиционеров),БТ,СП,Копейск (Челябинск),Челябинск,да,Отключить,,Отключить
СП,Ремонт сплит-систем (кондиционеров),БТ,СП,Коркино (Челябинск),Челябинск,да,Отключить,,Отключить
СП,Ремонт сплит-систем (кондиционеров),БТ,СП,Краснокамск (Пермь),Пермь,да,Отключить,,Отключить
СП,Ремонт сплит-систем (кондиционеров),БТ,СП,Красноярск,Красноярск,нет,Отключить,,Отключить
СП,Ремонт сплит-систем (кондиционеров),БТ,СП,Кстово (Нижний Новгород),Нижний Новгород,да,Отключить,,Отключить
СП,Ремонт сплит-систем (кондиционеров),БТ,СП,Кудрово (Санкт-Петербург),Санкт-Петербург,да,Отключить,,Отключить
СП,Ремонт сплит-систем (кондиционеров),БТ,СП,Курск,Курск,нет,Отключить,,Отключить
СП,Ремонт сплит-систем (кондиционеров),БТ,СП,Ломоносов (Санкт-Петербург),Санкт-Петербург,да,Отключить,,Отключить
СП,Ремонт сплит-систем (кондиционеров),БТ,СП,Люберцы (Москва),Москва,да,Отключить,,Отключить
СП,Ремонт сплит-систем (кондиционеров),БТ,СП,Магнитогорск,Магнитогорск,нет,Отключить,,Отключить
СП,Ремонт сплит-систем (кондиционеров),БТ,СП,Менделеевск (Набережные Челны),Набережные Челны,да,Отключить,,Отключить
СП,Ремонт сплит-систем (кондиционеров),БТ,СП,Михайловск (Ставрополь),Ставрополь,да,Отключить,,Отключить
СП,Ремонт сплит-систем (кондиционеров),БТ,СП,Мурино (Санкт-Петербург),Санкт-Петербург,да,Отключить,,Отключить
СП,Ремонт сплит-систем (кондиционеров),БТ,СП,Мурманск,Мурманск,нет,Отключить,,Отключить
СП,Ремонт сплит-систем (кондиционеров),БТ,СП,Набережные Челны,Набережные Челны,нет,Отключить,,Отключить
СП,Ремонт сплит-систем (кондиционеров),БТ,СП,Нижнекамск (Набережные Челны),Набережные Челны,да,Отключить,,Отключить
СП,Ремонт сплит-систем (кондиционеров),БТ,СП,Нижний Тагил,Нижний Тагил,нет,Отключить,,Отключить
СП,Ремонт сплит-систем (кондиционеров),БТ,СП,Новоалтайск (Барнаул),Барнаул,да,Отключить,,Отключить
СП,Ремонт сплит-систем (кондиционеров),БТ,СП,Новокузнецк,Новокузнецк,нет,Отключить,,Отключить
СП,Ремонт сплит-систем (кондиционеров),БТ,СП,Новокуйбышевск (Самара),Самара,да,Отключить,,Отключить
СП,Ремонт сплит-систем (кондиционеров),БТ,СП,Новомосковск (Тула),Тула,да,Отключить,,Отключить
СП,Ремонт сплит-систем (кондиционеров),БТ,СП,Новосибирск,Новосибирск,нет,Отключить,,Отключить
СП,Ремонт сплит-систем (кондиционеров),БТ,СП,Новоульяновск (Ульяновск),Ульяновск,да,Отключить,,Отключить
СП,Ремонт сплит-систем (кондиционеров),БТ,СП,Новочебоксарск (Чебоксары),Чебоксары,да,Отключить,✓,Увеличить
СП,Ремонт сплит-систем (кондиционеров),БТ,СП,Новочеркасск (Ростов-на-Дону),Ростов-на-Дону,да,Отключить,,Отключить
СП,Ремонт сплит-систем (кондиционеров),БТ,СП,Октябрьск (Сызрань),Сызрань,да,Отключить,,Отключить
СП,Ремонт сплит-систем (кондиционеров),БТ,СП,Омск,Омск,нет,Отключить,,Отключить
СП,Ремонт сплит-систем (кондиционеров),БТ,СП,Орел,Орел,нет,Отключить,,Отключить
СП,Ремонт сплит-систем (кондиционеров),БТ,СП,Оренбург,Оренбург,нет,Отключить,,Отключить
СП,Ремонт сплит-систем (кондиционеров),БТ,СП,Осинники (Новокузнецк),Новокузнецк,да,Отключить,,Отключить
СП,Ремонт сплит-систем (кондиционеров),БТ,СП,Павловск (Санкт-Петербург),Санкт-Петербург,да,Отключить,,Отключить
СП,Ремонт сплит-систем (кондиционеров),БТ,СП,Первоуральск (Екатеринбург),Екатеринбург,да,Отключить,,Отключить
СП,Ремонт сплит-систем (кондиционеров),БТ,СП,Петергоф (Санкт-Петербург),Санкт-Петербург,да,Отключить,,Отключить
СП,Ремонт сплит-систем (кондиционеров),БТ,СП,Петрозаводск,Петрозаводск,нет,Отключить,,Отключить
СП,Ремонт сплит-систем (кондиционеров),БТ,СП,Прокопьевск (Новокузнецк),Новокузнецк,да,Отключить,,Отключить
СП,Ремонт сплит-систем (кондиционеров),БТ,СП,Пушкин (Санкт-Петербург),Санкт-Петербург,да,Отключить,,Отключить
СП,Ремонт сплит-систем (кондиционеров),БТ,СП,Рязань,Рязань,нет,Отключить,,Отключить
СП,Ремонт сплит-систем (кондиционеров),БТ,СП,Саки (Севастополь),Севастополь,да,Отключить,,Отключить
СП,Ремонт сплит-систем (кондиционеров),БТ,СП,Салават (Уфа),Уфа,да,Отключить,,Отключить
СП,Ремонт сплит-систем (кондиционеров),БТ,СП,Саратов,Саратов,нет,Отключить,,Отключить
СП,Ремонт сплит-систем (кондиционеров),БТ,СП,Светлогорск (Калининград),Калининград,да,Отключить,,Отключить
СП,Ремонт сплит-систем (кондиционеров),БТ,СП,Светлый (Калининград),Калининград,да,Отключить,,Отключить
СП,Ремонт сплит-систем (кондиционеров),БТ,СП,Севастополь,Севастополь,нет,Отключить,,Отключить
СП,Ремонт сплит-систем (кондиционеров),БТ,СП,Семилуки (Воронеж),Воронеж,да,Отключить,,Отключить
СП,Ремонт сплит-систем (кондиционеров),БТ,СП,Сертолово (Санкт-Петербург),Санкт-Петербург,да,Отключить,,Отключить
СП,Ремонт сплит-систем (кондиционеров),БТ,СП,Сестрорецк (Санкт-Петербург),Санкт-Петербург,да,Отключить,,Отключить
СП,Ремонт сплит-систем (кондиционеров),БТ,СП,Симферополь (Севастополь),Севастополь,да,Отключить,,Отключить
СП,Ремонт сплит-систем (кондиционеров),БТ,СП,Смоленск,Смоленск,нет,Отключить,,Отключить
СП,Ремонт сплит-систем (кондиционеров),БТ,СП,Сосновоборск (Красноярск),Красноярск,да,Отключить,,Отключить
СП,Ремонт сплит-систем (кондиционеров),БТ,СП,Стерлитамак,Стерлитамак,нет,Отключить,,Отключить
СП,Ремонт сплит-систем (кондиционеров),БТ,СП,Сургут,Сургут,нет,Отключить,,Отключить
СП,Ремонт сплит-систем (кондиционеров),БТ,СП,Сызрань,Сызрань,нет,Отключить,,Отключить
СП,Ремонт сплит-систем (кондиционеров),БТ,СП,Сыктывкар,Сыктывкар,нет,Отключить,,Отключить
СП,Ремонт сплит-систем (кондиционеров),БТ,СП,Топки (Кемерово),Кемерово,да,Отключить,,Отключить
СП,Ремонт сплит-систем (кондиционеров),БТ,СП,Тула,Тула,нет,Отключить,,Отключить
СП,Ремонт сплит-систем (кондиционеров),БТ,СП,Тутаев (Ярославль),Ярославль,да,Отключить,,Отключить
СП,Ремонт сплит-систем (кондиционеров),БТ,СП,Тюмень,Тюмень,нет,Отключить,,Отключить
СП,Ремонт сплит-систем (кондиционеров),БТ,СП,Усть-Лабинск (Краснодар),Краснодар,да,Отключить,,Отключить
СП,Ремонт сплит-систем (кондиционеров),БТ,СП,Цивильск (Чебоксары),Чебоксары,да,Отключить,✓,Увеличить
СП,Ремонт сплит-систем (кондиционеров),БТ,СП,Чапаевск (Самара),Самара,да,Отключить,,Отключить
СП,Ремонт сплит-систем (кондиционеров),БТ,СП,Чебоксары,Чебоксары,нет,Отключить,✓,Увеличить
СП,Ремонт сплит-систем (кондиционеров),БТ,СП,Череповец,Череповец,нет,Отключить,,Отключить
СП,Ремонт сплит-систем (кондиционеров),БТ,СП,Шелехов (Иркутск),Иркутск,да,Отключить,,Отключить
СП,Ремонт сплит-систем (кондиционеров),БТ,СП,Щёкино (Тула),Тула,да,Отключить,,Отключить
СП,Ремонт сплит-систем (кондиционеров),БТ,СП,Энгельс (Саратов),Саратов,да,Отключить,,Отключить
СП,Ремонт сплит-систем (кондиционеров),БТ,СП,Ярославль,Ярославль,нет,Отключить,,Отключить
ПК,Ремонт компьютеров и ноутбуков,БТ,ПК,Балтийск (Калининград),Калининград,да,Увеличить,,без изменений
ПК,Ремонт компьютеров и ноутбуков,БТ,ПК,Гвардейск (Калининград),Калининград,да,Увеличить,,без изменений
ПК,Ремонт компьютеров и ноутбуков,БТ,ПК,Зеленоградск (Калининград),Калининград,да,Увеличить,,без изменений
ПК,Ремонт компьютеров и ноутбуков,БТ,ПК,Иваново,Иваново,нет,Увеличить,,без изменений
ПК,Ремонт компьютеров и ноутбуков,БТ,ПК,Йошкар-Ола,Йошкар-Ола,нет,Увеличить,,Отключить
ПК,Ремонт компьютеров и ноутбуков,БТ,ПК,Калининград,Калининград,нет,Увеличить,,без изменений
ПК,Ремонт компьютеров и ноутбуков,БТ,ПК,Киров,Киров,нет,Увеличить,,без изменений
ПК,Ремонт компьютеров и ноутбуков,БТ,ПК,Новосибирск,Новосибирск,нет,Увеличить,,без изменений
ПК,Ремонт компьютеров и ноутбуков,БТ,ПК,Новочебоксарск (Чебоксары),Чебоксары,да,Увеличить,,Отключить
ПК,Ремонт компьютеров и ноутбуков,БТ,ПК,Оренбург,Оренбург,нет,Увеличить,,без изменений
ПК,Ремонт компьютеров и ноутбуков,БТ,ПК,Светлогорск (Калининград),Калининград,да,Увеличить,,без изменений
ПК,Ремонт компьютеров и ноутбуков,БТ,ПК,Светлый (Калининград),Калининград,да,Увеличить,,без изменений
ПК,Ремонт компьютеров и ноутбуков,БТ,ПК,Уфа,Уфа,нет,Увеличить,,без изменений
ПК,Ремонт компьютеров и ноутбуков,БТ,ПК,Цивильск (Чебоксары),Чебоксары,да,Увеличить,,Отключить
ПК,Ремонт компьютеров и ноутбуков,БТ,ПК,Чебоксары,Чебоксары,нет,Увеличить,,Отключить
ПК,Ремонт компьютеров и ноутбуков,БТ,ПК,Казань,Казань,нет,без изменений,,Отключить
ПК,Ремонт компьютеров и ноутбуков,БТ,ПК,Москва,Москва,нет,без изменений,,Увеличить
ПК,Ремонт компьютеров и ноутбуков,БТ,ПК,Омск,Омск,нет,без изменений,,Отключить
ПК,Ремонт компьютеров и ноутбуков,БТ,ПК,Ростов-на-Дону,Ростов-на-Дону,нет,без изменений,,Отключить
ПК,Ремонт компьютеров и ноутбуков,БТ,ПК,Рязань,Рязань,нет,без изменений,,Отключить
ПК,Ремонт компьютеров и ноутбуков,БТ,ПК,Самара,Самара,нет,без изменений,,Отключить
ПК,Ремонт компьютеров и ноутбуков,БТ,ПК,Ставрополь,Ставрополь,нет,без изменений,,Отключить
ПК,Ремонт компьютеров и ноутбуков,БТ,ПК,Тамбов,Тамбов,нет,без изменений,,Отключить
ПК,Ремонт компьютеров и ноутбуков,БТ,ПК,Тольятти,Тольятти,нет,без изменений,,Увеличить
ПК,Ремонт компьютеров и ноутбуков,БТ,ПК,Адыгейск (Краснодар),Краснодар,да,Отключить,,Отключить
ПК,Ремонт компьютеров и ноутбуков,БТ,ПК,Азов (Ростов-на-Дону),Ростов-на-Дону,да,Отключить,,Отключить
ПК,Ремонт компьютеров и ноутбуков,БТ,ПК,Аксай (Ростов-на-Дону),Ростов-на-Дону,да,Отключить,,Отключить
ПК,Ремонт компьютеров и ноутбуков,БТ,ПК,Ангарск (Иркутск),Иркутск,да,Отключить,,Отключить
ПК,Ремонт компьютеров и ноутбуков,БТ,ПК,Арамиль (Екатеринбург),Екатеринбург,да,Отключить,,Отключить
ПК,Ремонт компьютеров и ноутбуков,БТ,ПК,Архангельск,Архангельск,нет,Отключить,,Отключить
ПК,Ремонт компьютеров и ноутбуков,БТ,ПК,Астрахань,Астрахань,нет,Отключить,,Отключить
ПК,Ремонт компьютеров и ноутбуков,БТ,ПК,Балаклава (Севастополь),Севастополь,да,Отключить,,Отключить
ПК,Ремонт компьютеров и ноутбуков,БТ,ПК,Балахна (Нижний Новгород),Нижний Новгород,да,Отключить,,Отключить
ПК,Ремонт компьютеров и ноутбуков,БТ,ПК,Балашиха (Москва),Москва,да,Отключить,,Отключить
ПК,Ремонт компьютеров и ноутбуков,БТ,ПК,Барнаул,Барнаул,нет,Отключить,,Отключить
ПК,Ремонт компьютеров и ноутбуков,БТ,ПК,Батайск (Ростов-на-Дону),Ростов-на-Дону,да,Отключить,,Отключить
ПК,Ремонт компьютеров и ноутбуков,БТ,ПК,Бахчисарай (Севастополь),Севастополь,да,Отключить,,Отключить
ПК,Ремонт компьютеров и ноутбуков,БТ,ПК,Белгород,Белгород,нет,Отключить,,Отключить
ПК,Ремонт компьютеров и ноутбуков,БТ,ПК,Белогорск (Севастополь),Севастополь,да,Отключить,,Отключить
ПК,Ремонт компьютеров и ноутбуков,БТ,ПК,Бердск (Новосибирск),Новосибирск,да,Отключить,,Отключить
ПК,Ремонт компьютеров и ноутбуков,БТ,ПК,Берёзовский (Екатеринбург),Екатеринбург,да,Отключить,,Отключить
ПК,Ремонт компьютеров и ноутбуков,БТ,ПК,Благовещенск (Уфа),Уфа,да,Отключить,,Отключить
ПК,Ремонт компьютеров и ноутбуков,БТ,ПК,Богородск (Нижний Новгород),Нижний Новгород,да,Отключить,,Отключить
ПК,Ремонт компьютеров и ноутбуков,БТ,ПК,Бор (Нижний Новгород),Нижний Новгород,да,Отключить,,Отключить
ПК,Ремонт компьютеров и ноутбуков,БТ,ПК,Брянск,Брянск,нет,Отключить,,Отключить
ПК,Ремонт компьютеров и ноутбуков,БТ,ПК,Бугры (Санкт-Петербург),Санкт-Петербург,да,Отключить,,Отключить
ПК,Ремонт компьютеров и ноутбуков,БТ,ПК,Верхняя Пышма (Екатеринбург),Екатеринбург,да,Отключить,,Отключить
ПК,Ремонт компьютеров и ноутбуков,БТ,ПК,Владимир,Владимир,нет,Отключить,,Отключить
ПК,Ремонт компьютеров и ноутбуков,БТ,ПК,Волгоград,Волгоград,нет,Отключить,,Отключить
ПК,Ремонт компьютеров и ноутбуков,БТ,ПК,Волжск (Казань),Казань,да,Отключить,,Отключить
ПК,Ремонт компьютеров и ноутбуков,БТ,ПК,Волжский (Волгоград),Волгоград,да,Отключить,,Отключить
ПК,Ремонт компьютеров и ноутбуков,БТ,ПК,Вологда,Вологда,нет,Отключить,✓,Увеличить
ПК,Ремонт компьютеров и ноутбуков,БТ,ПК,Воронеж,Воронеж,нет,Отключить,,Отключить
ПК,Ремонт компьютеров и ноутбуков,БТ,ПК,Всеволожск (Санкт-Петербург),Санкт-Петербург,да,Отключить,,Отключить
ПК,Ремонт компьютеров и ноутбуков,БТ,ПК,Грязи (Липецк),Липецк,да,Отключить,,Отключить
ПК,Ремонт компьютеров и ноутбуков,БТ,ПК,Дивногорск (Красноярск),Красноярск,да,Отключить,,Отключить
ПК,Ремонт компьютеров и ноутбуков,БТ,ПК,Евпатория (Севастополь),Севастополь,да,Отключить,,Отключить
ПК,Ремонт компьютеров и ноутбуков,БТ,ПК,Екатеринбург,Екатеринбург,нет,Отключить,,Отключить
ПК,Ремонт компьютеров и ноутбуков,БТ,ПК,Елабуга (Набережные Челны),Набережные Челны,да,Отключить,,Отключить
ПК,Ремонт компьютеров и ноутбуков,БТ,ПК,Жигулёвск (Тольятти),Тольятти,да,Отключить,,Отключить
ПК,Ремонт компьютеров и ноутбуков,БТ,ПК,Зеленодольск (Казань),Казань,да,Отключить,,Отключить
ПК,Ремонт компьютеров и ноутбуков,БТ,ПК,Ижевск,Ижевск,нет,Отключить,,Отключить
ПК,Ремонт компьютеров и ноутбуков,БТ,ПК,Иркутск,Иркутск,нет,Отключить,,Отключить
ПК,Ремонт компьютеров и ноутбуков,БТ,ПК,Ишимбай (Уфа),Уфа,да,Отключить,,Отключить
ПК,Ремонт компьютеров и ноутбуков,БТ,ПК,Калтан (Новокузнецк),Новокузнецк,да,Отключить,,Отключить
ПК,Ремонт компьютеров и ноутбуков,БТ,ПК,Калуга,Калуга,нет,Отключить,,Отключить
ПК,Ремонт компьютеров и ноутбуков,БТ,ПК,Камызяк (Астрахань),Астрахань,да,Отключить,,Отключить
ПК,Ремонт компьютеров и ноутбуков,БТ,ПК,Кемерово,Кемерово,нет,Отключить,,Отключить
ПК,Ремонт компьютеров и ноутбуков,БТ,ПК,Кирово-Чепецк (Киров),Киров,да,Отключить,,без изменений
ПК,Ремонт компьютеров и ноутбуков,БТ,ПК,Колпино (Санкт-Петербург),Санкт-Петербург,да,Отключить,,Отключить
ПК,Ремонт компьютеров и ноутбуков,БТ,ПК,Копейск (Челябинск),Челябинск,да,Отключить,,Отключить
ПК,Ремонт компьютеров и ноутбуков,БТ,ПК,Коркино (Челябинск),Челябинск,да,Отключить,,Отключить
ПК,Ремонт компьютеров и ноутбуков,БТ,ПК,Кострома,Кострома,нет,Отключить,,Отключить
ПК,Ремонт компьютеров и ноутбуков,БТ,ПК,Краснодар,Краснодар,нет,Отключить,✓,без изменений
ПК,Ремонт компьютеров и ноутбуков,БТ,ПК,Краснокамск (Пермь),Пермь,да,Отключить,,без изменений
ПК,Ремонт компьютеров и ноутбуков,БТ,ПК,Красноярск,Красноярск,нет,Отключить,,Отключить
ПК,Ремонт компьютеров и ноутбуков,БТ,ПК,Кстово (Нижний Новгород),Нижний Новгород,да,Отключить,,Отключить
ПК,Ремонт компьютеров и ноутбуков,БТ,ПК,Кудрово (Санкт-Петербург),Санкт-Петербург,да,Отключить,,Отключить
ПК,Ремонт компьютеров и ноутбуков,БТ,ПК,Курск,Курск,нет,Отключить,,Отключить
ПК,Ремонт компьютеров и ноутбуков,БТ,ПК,Липецк,Липецк,нет,Отключить,,Отключить
ПК,Ремонт компьютеров и ноутбуков,БТ,ПК,Ломоносов (Санкт-Петербург),Санкт-Петербург,да,Отключить,,Отключить
ПК,Ремонт компьютеров и ноутбуков,БТ,ПК,Люберцы (Москва),Москва,да,Отключить,,Отключить
ПК,Ремонт компьютеров и ноутбуков,БТ,ПК,Магнитогорск,Магнитогорск,нет,Отключить,,Отключить
ПК,Ремонт компьютеров и ноутбуков,БТ,ПК,Менделеевск (Набережные Челны),Набережные Челны,да,Отключить,,Отключить
ПК,Ремонт компьютеров и ноутбуков,БТ,ПК,Михайловск (Ставрополь),Ставрополь,да,Отключить,,Отключить
ПК,Ремонт компьютеров и ноутбуков,БТ,ПК,Мурино (Санкт-Петербург),Санкт-Петербург,да,Отключить,,Отключить
ПК,Ремонт компьютеров и ноутбуков,БТ,ПК,Мурманск,Мурманск,нет,Отключить,,Отключить
ПК,Ремонт компьютеров и ноутбуков,БТ,ПК,Набережные Челны,Набережные Челны,нет,Отключить,,Отключить
ПК,Ремонт компьютеров и ноутбуков,БТ,ПК,Нижнекамск (Набережные Челны),Набережные Челны,да,Отключить,,Отключить
ПК,Ремонт компьютеров и ноутбуков,БТ,ПК,Нижний Новгород,Нижний Новгород,нет,Отключить,,Отключить
ПК,Ремонт компьютеров и ноутбуков,БТ,ПК,Нижний Тагил,Нижний Тагил,нет,Отключить,,Отключить
ПК,Ремонт компьютеров и ноутбуков,БТ,ПК,Новоалтайск (Барнаул),Барнаул,да,Отключить,,Отключить
ПК,Ремонт компьютеров и ноутбуков,БТ,ПК,Новокузнецк,Новокузнецк,нет,Отключить,,Отключить
ПК,Ремонт компьютеров и ноутбуков,БТ,ПК,Новокуйбышевск (Самара),Самара,да,Отключить,,Отключить
ПК,Ремонт компьютеров и ноутбуков,БТ,ПК,Новомосковск (Тула),Тула,да,Отключить,,Отключить
ПК,Ремонт компьютеров и ноутбуков,БТ,ПК,Новоульяновск (Ульяновск),Ульяновск,да,Отключить,,Отключить
ПК,Ремонт компьютеров и ноутбуков,БТ,ПК,Новочеркасск (Ростов-на-Дону),Ростов-на-Дону,да,Отключить,,Отключить
ПК,Ремонт компьютеров и ноутбуков,БТ,ПК,Октябрьск (Сызрань),Сызрань,да,Отключить,,Отключить
ПК,Ремонт компьютеров и ноутбуков,БТ,ПК,Орел,Орел,нет,Отключить,,Отключить
ПК,Ремонт компьютеров и ноутбуков,БТ,ПК,Осинники (Новокузнецк),Новокузнецк,да,Отключить,,Отключить
ПК,Ремонт компьютеров и ноутбуков,БТ,ПК,Павловск (Санкт-Петербург),Санкт-Петербург,да,Отключить,,Отключить
ПК,Ремонт компьютеров и ноутбуков,БТ,ПК,Первоуральск (Екатеринбург),Екатеринбург,да,Отключить,,Отключить
ПК,Ремонт компьютеров и ноутбуков,БТ,ПК,Пермь,Пермь,нет,Отключить,,Увеличить
ПК,Ремонт компьютеров и ноутбуков,БТ,ПК,Петергоф (Санкт-Петербург),Санкт-Петербург,да,Отключить,,Отключить
ПК,Ремонт компьютеров и ноутбуков,БТ,ПК,Петрозаводск,Петрозаводск,нет,Отключить,,Отключить
ПК,Ремонт компьютеров и ноутбуков,БТ,ПК,Прокопьевск (Новокузнецк),Новокузнецк,да,Отключить,,Отключить
ПК,Ремонт компьютеров и ноутбуков,БТ,ПК,Пушкин (Санкт-Петербург),Санкт-Петербург,да,Отключить,,Отключить
ПК,Ремонт компьютеров и ноутбуков,БТ,ПК,Саки (Севастополь),Севастополь,да,Отключить,,Отключить
ПК,Ремонт компьютеров и ноутбуков,БТ,ПК,Салават (Уфа),Уфа,да,Отключить,,Отключить
ПК,Ремонт компьютеров и ноутбуков,БТ,ПК,Санкт-Петербург,Санкт-Петербург,нет,Отключить,,Отключить
ПК,Ремонт компьютеров и ноутбуков,БТ,ПК,Саратов,Саратов,нет,Отключить,,без изменений
ПК,Ремонт компьютеров и ноутбуков,БТ,ПК,Севастополь,Севастополь,нет,Отключить,,Отключить
ПК,Ремонт компьютеров и ноутбуков,БТ,ПК,Семилуки (Воронеж),Воронеж,да,Отключить,,Отключить
ПК,Ремонт компьютеров и ноутбуков,БТ,ПК,Сертолово (Санкт-Петербург),Санкт-Петербург,да,Отключить,,Отключить
ПК,Ремонт компьютеров и ноутбуков,БТ,ПК,Сестрорецк (Санкт-Петербург),Санкт-Петербург,да,Отключить,,Отключить
ПК,Ремонт компьютеров и ноутбуков,БТ,ПК,Симферополь (Севастополь),Севастополь,да,Отключить,,Отключить
ПК,Ремонт компьютеров и ноутбуков,БТ,ПК,Смоленск,Смоленск,нет,Отключить,,Отключить
ПК,Ремонт компьютеров и ноутбуков,БТ,ПК,Сосновоборск (Красноярск),Красноярск,да,Отключить,,Отключить
ПК,Ремонт компьютеров и ноутбуков,БТ,ПК,Сочи,Сочи,нет,Отключить,,Отключить
ПК,Ремонт компьютеров и ноутбуков,БТ,ПК,Среднеуральск (Екатеринбург),Екатеринбург,да,Отключить,,Отключить
ПК,Ремонт компьютеров и ноутбуков,БТ,ПК,Стерлитамак,Стерлитамак,нет,Отключить,,Отключить
ПК,Ремонт компьютеров и ноутбуков,БТ,ПК,Сургут,Сургут,нет,Отключить,,Отключить
ПК,Ремонт компьютеров и ноутбуков,БТ,ПК,Сызрань,Сызрань,нет,Отключить,,Отключить
ПК,Ремонт компьютеров и ноутбуков,БТ,ПК,Сыктывкар,Сыктывкар,нет,Отключить,,Отключить
ПК,Ремонт компьютеров и ноутбуков,БТ,ПК,Таганрог,Таганрог,нет,Отключить,,Отключить
ПК,Ремонт компьютеров и ноутбуков,БТ,ПК,Тверь,Тверь,нет,Отключить,,Отключить
ПК,Ремонт компьютеров и ноутбуков,БТ,ПК,Томск,Томск,нет,Отключить,,Отключить
ПК,Ремонт компьютеров и ноутбуков,БТ,ПК,Топки (Кемерово),Кемерово,да,Отключить,,Отключить
ПК,Ремонт компьютеров и ноутбуков,БТ,ПК,Тула,Тула,нет,Отключить,,без изменений
ПК,Ремонт компьютеров и ноутбуков,БТ,ПК,Тутаев (Ярославль),Ярославль,да,Отключить,,Отключить
ПК,Ремонт компьютеров и ноутбуков,БТ,ПК,Тюмень,Тюмень,нет,Отключить,,Отключить
ПК,Ремонт компьютеров и ноутбуков,БТ,ПК,Ульяновск,Ульяновск,нет,Отключить,,без изменений
ПК,Ремонт компьютеров и ноутбуков,БТ,ПК,Усть-Лабинск (Краснодар),Краснодар,да,Отключить,,Отключить
ПК,Ремонт компьютеров и ноутбуков,БТ,ПК,Чапаевск (Самара),Самара,да,Отключить,,Отключить
ПК,Ремонт компьютеров и ноутбуков,БТ,ПК,Челябинск,Челябинск,нет,Отключить,,Отключить
ПК,Ремонт компьютеров и ноутбуков,БТ,ПК,Череповец,Череповец,нет,Отключить,,Отключить
ПК,Ремонт компьютеров и ноутбуков,БТ,ПК,Шелехов (Иркутск),Иркутск,да,Отключить,,Отключить
ПК,Ремонт компьютеров и ноутбуков,БТ,ПК,Щёкино (Тула),Тула,да,Отключить,,Отключить
ПК,Ремонт компьютеров и ноутбуков,БТ,ПК,Энгельс (Саратов),Саратов,да,Отключить,,без изменений
ПК,Ремонт компьютеров и ноутбуков,БТ,ПК,Ярославль,Ярославль,нет,Отключить,,без изменений
ТВ,Ремонт телевизоров,БТ,ТВ,Йошкар-Ола,Йошкар-Ола,нет,Увеличить,,без изменений
ТВ,Ремонт телевизоров,БТ,ТВ,Калининград,Калининград,нет,Увеличить,,Отключить
ТВ,Ремонт телевизоров,БТ,ТВ,Новочебоксарск (Чебоксары),Чебоксары,да,Увеличить,,без изменений
ТВ,Ремонт телевизоров,БТ,ТВ,Пермь,Пермь,нет,Увеличить,,без изменений
ТВ,Ремонт телевизоров,БТ,ТВ,Ростов-на-Дону,Ростов-на-Дону,нет,Увеличить,,Отключить
ТВ,Ремонт телевизоров,БТ,ТВ,Цивильск (Чебоксары),Чебоксары,да,Увеличить,,Отключить
ТВ,Ремонт телевизоров,БТ,ТВ,Чебоксары,Чебоксары,нет,Увеличить,,без изменений
ТВ,Ремонт телевизоров,БТ,ТВ,Балтийск (Калининград),Калининград,да,без изменений,,Отключить
ТВ,Ремонт телевизоров,БТ,ТВ,Гвардейск (Калининград),Калининград,да,без изменений,,Отключить
ТВ,Ремонт телевизоров,БТ,ТВ,Зеленоградск (Калининград),Калининград,да,без изменений,,Отключить
ТВ,Ремонт телевизоров,БТ,ТВ,Киров,Киров,нет,без изменений,,Отключить
ТВ,Ремонт телевизоров,БТ,ТВ,Светлогорск (Калининград),Калининград,да,без изменений,,Отключить
ТВ,Ремонт телевизоров,БТ,ТВ,Светлый (Калининград),Калининград,да,без изменений,,Отключить
ТВ,Ремонт телевизоров,БТ,ТВ,Ставрополь,Ставрополь,нет,без изменений,,Увеличить
ТВ,Ремонт телевизоров,БТ,ТВ,Уфа,Уфа,нет,без изменений,,Увеличить
ТВ,Ремонт телевизоров,БТ,ТВ,Адыгейск (Краснодар),Краснодар,да,Отключить,,Отключить
ТВ,Ремонт телевизоров,БТ,ТВ,Азов (Ростов-на-Дону),Ростов-на-Дону,да,Отключить,,Отключить
ТВ,Ремонт телевизоров,БТ,ТВ,Аксай (Ростов-на-Дону),Ростов-на-Дону,да,Отключить,,Отключить
ТВ,Ремонт телевизоров,БТ,ТВ,Ангарск (Иркутск),Иркутск,да,Отключить,,Отключить
ТВ,Ремонт телевизоров,БТ,ТВ,Арамиль (Екатеринбург),Екатеринбург,да,Отключить,,Отключить
ТВ,Ремонт телевизоров,БТ,ТВ,Архангельск,Архангельск,нет,Отключить,,Отключить
ТВ,Ремонт телевизоров,БТ,ТВ,Астрахань,Астрахань,нет,Отключить,,Отключить
ТВ,Ремонт телевизоров,БТ,ТВ,Балаклава (Севастополь),Севастополь,да,Отключить,,Отключить
ТВ,Ремонт телевизоров,БТ,ТВ,Балахна (Нижний Новгород),Нижний Новгород,да,Отключить,,Отключить
ТВ,Ремонт телевизоров,БТ,ТВ,Балашиха (Москва),Москва,да,Отключить,,Отключить
ТВ,Ремонт телевизоров,БТ,ТВ,Барнаул,Барнаул,нет,Отключить,,Отключить
ТВ,Ремонт телевизоров,БТ,ТВ,Батайск (Ростов-на-Дону),Ростов-на-Дону,да,Отключить,,Отключить
ТВ,Ремонт телевизоров,БТ,ТВ,Бахчисарай (Севастополь),Севастополь,да,Отключить,,Отключить
ТВ,Ремонт телевизоров,БТ,ТВ,Белгород,Белгород,нет,Отключить,,Отключить
ТВ,Ремонт телевизоров,БТ,ТВ,Белогорск (Севастополь),Севастополь,да,Отключить,,Отключить
ТВ,Ремонт телевизоров,БТ,ТВ,Бердск (Новосибирск),Новосибирск,да,Отключить,,Отключить
ТВ,Ремонт телевизоров,БТ,ТВ,Берёзовский (Екатеринбург),Екатеринбург,да,Отключить,,Отключить
ТВ,Ремонт телевизоров,БТ,ТВ,Благовещенск (Уфа),Уфа,да,Отключить,,Отключить
ТВ,Ремонт телевизоров,БТ,ТВ,Богородск (Нижний Новгород),Нижний Новгород,да,Отключить,,Отключить
ТВ,Ремонт телевизоров,БТ,ТВ,Бор (Нижний Новгород),Нижний Новгород,да,Отключить,,Отключить
ТВ,Ремонт телевизоров,БТ,ТВ,Брянск,Брянск,нет,Отключить,,Отключить
ТВ,Ремонт телевизоров,БТ,ТВ,Бугры (Санкт-Петербург),Санкт-Петербург,да,Отключить,,Отключить
ТВ,Ремонт телевизоров,БТ,ТВ,Верхняя Пышма (Екатеринбург),Екатеринбург,да,Отключить,,Отключить
ТВ,Ремонт телевизоров,БТ,ТВ,Владимир,Владимир,нет,Отключить,,Отключить
ТВ,Ремонт телевизоров,БТ,ТВ,Волгоград,Волгоград,нет,Отключить,,Отключить
ТВ,Ремонт телевизоров,БТ,ТВ,Волжск (Казань),Казань,да,Отключить,,Отключить
ТВ,Ремонт телевизоров,БТ,ТВ,Волжский (Волгоград),Волгоград,да,Отключить,,Отключить
ТВ,Ремонт телевизоров,БТ,ТВ,Вологда,Вологда,нет,Отключить,✓,без изменений
ТВ,Ремонт телевизоров,БТ,ТВ,Воронеж,Воронеж,нет,Отключить,,Отключить
ТВ,Ремонт телевизоров,БТ,ТВ,Всеволожск (Санкт-Петербург),Санкт-Петербург,да,Отключить,,Отключить
ТВ,Ремонт телевизоров,БТ,ТВ,Грязи (Липецк),Липецк,да,Отключить,,Отключить
ТВ,Ремонт телевизоров,БТ,ТВ,Дивногорск (Красноярск),Красноярск,да,Отключить,,Отключить
ТВ,Ремонт телевизоров,БТ,ТВ,Евпатория (Севастополь),Севастополь,да,Отключить,,Отключить
ТВ,Ремонт телевизоров,БТ,ТВ,Екатеринбург,Екатеринбург,нет,Отключить,,без изменений
ТВ,Ремонт телевизоров,БТ,ТВ,Елабуга (Набережные Челны),Набережные Челны,да,Отключить,,Отключить
ТВ,Ремонт телевизоров,БТ,ТВ,Жигулёвск (Тольятти),Тольятти,да,Отключить,,Отключить
ТВ,Ремонт телевизоров,БТ,ТВ,Зеленодольск (Казань),Казань,да,Отключить,,Отключить
ТВ,Ремонт телевизоров,БТ,ТВ,Иваново,Иваново,нет,Отключить,,Отключить
ТВ,Ремонт телевизоров,БТ,ТВ,Ижевск,Ижевск,нет,Отключить,,Отключить
ТВ,Ремонт телевизоров,БТ,ТВ,Иркутск,Иркутск,нет,Отключить,,Отключить
ТВ,Ремонт телевизоров,БТ,ТВ,Ишимбай (Уфа),Уфа,да,Отключить,,Отключить
ТВ,Ремонт телевизоров,БТ,ТВ,Казань,Казань,нет,Отключить,,Отключить
ТВ,Ремонт телевизоров,БТ,ТВ,Калтан (Новокузнецк),Новокузнецк,да,Отключить,,Отключить
ТВ,Ремонт телевизоров,БТ,ТВ,Калуга,Калуга,нет,Отключить,,Отключить
ТВ,Ремонт телевизоров,БТ,ТВ,Камызяк (Астрахань),Астрахань,да,Отключить,,Отключить
ТВ,Ремонт телевизоров,БТ,ТВ,Кемерово,Кемерово,нет,Отключить,,Отключить
ТВ,Ремонт телевизоров,БТ,ТВ,Кирово-Чепецк (Киров),Киров,да,Отключить,,Отключить
ТВ,Ремонт телевизоров,БТ,ТВ,Колпино (Санкт-Петербург),Санкт-Петербург,да,Отключить,,Отключить
ТВ,Ремонт телевизоров,БТ,ТВ,Копейск (Челябинск),Челябинск,да,Отключить,,Отключить
ТВ,Ремонт телевизоров,БТ,ТВ,Коркино (Челябинск),Челябинск,да,Отключить,,Отключить
ТВ,Ремонт телевизоров,БТ,ТВ,Кострома,Кострома,нет,Отключить,,Отключить
ТВ,Ремонт телевизоров,БТ,ТВ,Краснодар,Краснодар,нет,Отключить,,Отключить
ТВ,Ремонт телевизоров,БТ,ТВ,Краснокамск (Пермь),Пермь,да,Отключить,,Отключить
ТВ,Ремонт телевизоров,БТ,ТВ,Красноярск,Красноярск,нет,Отключить,,Отключить
ТВ,Ремонт телевизоров,БТ,ТВ,Кстово (Нижний Новгород),Нижний Новгород,да,Отключить,,Отключить
ТВ,Ремонт телевизоров,БТ,ТВ,Кудрово (Санкт-Петербург),Санкт-Петербург,да,Отключить,,Отключить
ТВ,Ремонт телевизоров,БТ,ТВ,Курск,Курск,нет,Отключить,,Отключить
ТВ,Ремонт телевизоров,БТ,ТВ,Липецк,Липецк,нет,Отключить,,Отключить
ТВ,Ремонт телевизоров,БТ,ТВ,Ломоносов (Санкт-Петербург),Санкт-Петербург,да,Отключить,,Отключить
ТВ,Ремонт телевизоров,БТ,ТВ,Люберцы (Москва),Москва,да,Отключить,,Отключить
ТВ,Ремонт телевизоров,БТ,ТВ,Магнитогорск,Магнитогорск,нет,Отключить,,Отключить
ТВ,Ремонт телевизоров,БТ,ТВ,Менделеевск (Набережные Челны),Набережные Челны,да,Отключить,,Отключить
ТВ,Ремонт телевизоров,БТ,ТВ,Михайловск (Ставрополь),Ставрополь,да,Отключить,,Отключить
ТВ,Ремонт телевизоров,БТ,ТВ,Москва,Москва,нет,Отключить,,Отключить
ТВ,Ремонт телевизоров,БТ,ТВ,Мурино (Санкт-Петербург),Санкт-Петербург,да,Отключить,,Отключить
ТВ,Ремонт телевизоров,БТ,ТВ,Мурманск,Мурманск,нет,Отключить,,Отключить
ТВ,Ремонт телевизоров,БТ,ТВ,Набережные Челны,Набережные Челны,нет,Отключить,,Отключить
ТВ,Ремонт телевизоров,БТ,ТВ,Нижнекамск (Набережные Челны),Набережные Челны,да,Отключить,,Отключить
ТВ,Ремонт телевизоров,БТ,ТВ,Нижний Новгород,Нижний Новгород,нет,Отключить,,Отключить
ТВ,Ремонт телевизоров,БТ,ТВ,Нижний Тагил,Нижний Тагил,нет,Отключить,,Отключить
ТВ,Ремонт телевизоров,БТ,ТВ,Новоалтайск (Барнаул),Барнаул,да,Отключить,,Отключить
ТВ,Ремонт телевизоров,БТ,ТВ,Новокузнецк,Новокузнецк,нет,Отключить,,Отключить
ТВ,Ремонт телевизоров,БТ,ТВ,Новокуйбышевск (Самара),Самара,да,Отключить,,Отключить
ТВ,Ремонт телевизоров,БТ,ТВ,Новомосковск (Тула),Тула,да,Отключить,,Отключить
ТВ,Ремонт телевизоров,БТ,ТВ,Новосибирск,Новосибирск,нет,Отключить,,Отключить
ТВ,Ремонт телевизоров,БТ,ТВ,Новоульяновск (Ульяновск),Ульяновск,да,Отключить,,Отключить
ТВ,Ремонт телевизоров,БТ,ТВ,Новочеркасск (Ростов-на-Дону),Ростов-на-Дону,да,Отключить,,Отключить
ТВ,Ремонт телевизоров,БТ,ТВ,Октябрьск (Сызрань),Сызрань,да,Отключить,,Отключить
ТВ,Ремонт телевизоров,БТ,ТВ,Омск,Омск,нет,Отключить,,Отключить
ТВ,Ремонт телевизоров,БТ,ТВ,Орел,Орел,нет,Отключить,,Отключить
ТВ,Ремонт телевизоров,БТ,ТВ,Оренбург,Оренбург,нет,Отключить,,Отключить
ТВ,Ремонт телевизоров,БТ,ТВ,Осинники (Новокузнецк),Новокузнецк,да,Отключить,,Отключить
ТВ,Ремонт телевизоров,БТ,ТВ,Павловск (Санкт-Петербург),Санкт-Петербург,да,Отключить,,Отключить
ТВ,Ремонт телевизоров,БТ,ТВ,Первоуральск (Екатеринбург),Екатеринбург,да,Отключить,,Отключить
ТВ,Ремонт телевизоров,БТ,ТВ,Петергоф (Санкт-Петербург),Санкт-Петербург,да,Отключить,,Отключить
ТВ,Ремонт телевизоров,БТ,ТВ,Петрозаводск,Петрозаводск,нет,Отключить,,Отключить
ТВ,Ремонт телевизоров,БТ,ТВ,Прокопьевск (Новокузнецк),Новокузнецк,да,Отключить,,Отключить
ТВ,Ремонт телевизоров,БТ,ТВ,Пушкин (Санкт-Петербург),Санкт-Петербург,да,Отключить,,Отключить
ТВ,Ремонт телевизоров,БТ,ТВ,Рязань,Рязань,нет,Отключить,,Отключить
ТВ,Ремонт телевизоров,БТ,ТВ,Саки (Севастополь),Севастополь,да,Отключить,,Отключить
ТВ,Ремонт телевизоров,БТ,ТВ,Салават (Уфа),Уфа,да,Отключить,,Отключить
ТВ,Ремонт телевизоров,БТ,ТВ,Самара,Самара,нет,Отключить,,Отключить
ТВ,Ремонт телевизоров,БТ,ТВ,Санкт-Петербург,Санкт-Петербург,нет,Отключить,,Отключить
ТВ,Ремонт телевизоров,БТ,ТВ,Саратов,Саратов,нет,Отключить,,без изменений
ТВ,Ремонт телевизоров,БТ,ТВ,Севастополь,Севастополь,нет,Отключить,,Отключить
ТВ,Ремонт телевизоров,БТ,ТВ,Семилуки (Воронеж),Воронеж,да,Отключить,,Отключить
ТВ,Ремонт телевизоров,БТ,ТВ,Сертолово (Санкт-Петербург),Санкт-Петербург,да,Отключить,,Отключить
ТВ,Ремонт телевизоров,БТ,ТВ,Сестрорецк (Санкт-Петербург),Санкт-Петербург,да,Отключить,,Отключить
ТВ,Ремонт телевизоров,БТ,ТВ,Симферополь (Севастополь),Севастополь,да,Отключить,,Отключить
ТВ,Ремонт телевизоров,БТ,ТВ,Смоленск,Смоленск,нет,Отключить,,Отключить
ТВ,Ремонт телевизоров,БТ,ТВ,Сосновоборск (Красноярск),Красноярск,да,Отключить,,Отключить
ТВ,Ремонт телевизоров,БТ,ТВ,Сочи,Сочи,нет,Отключить,,Отключить
ТВ,Ремонт телевизоров,БТ,ТВ,Среднеуральск (Екатеринбург),Екатеринбург,да,Отключить,,Отключить
ТВ,Ремонт телевизоров,БТ,ТВ,Стерлитамак,Стерлитамак,нет,Отключить,,Отключить
ТВ,Ремонт телевизоров,БТ,ТВ,Сургут,Сургут,нет,Отключить,,Отключить
ТВ,Ремонт телевизоров,БТ,ТВ,Сызрань,Сызрань,нет,Отключить,,Отключить
ТВ,Ремонт телевизоров,БТ,ТВ,Сыктывкар,Сыктывкар,нет,Отключить,,Отключить
ТВ,Ремонт телевизоров,БТ,ТВ,Таганрог,Таганрог,нет,Отключить,,Отключить
ТВ,Ремонт телевизоров,БТ,ТВ,Тамбов,Тамбов,нет,Отключить,,Отключить
ТВ,Ремонт телевизоров,БТ,ТВ,Тверь,Тверь,нет,Отключить,,Отключить
ТВ,Ремонт телевизоров,БТ,ТВ,Тольятти,Тольятти,нет,Отключить,,Отключить
ТВ,Ремонт телевизоров,БТ,ТВ,Томск,Томск,нет,Отключить,,без изменений
ТВ,Ремонт телевизоров,БТ,ТВ,Топки (Кемерово),Кемерово,да,Отключить,,Отключить
ТВ,Ремонт телевизоров,БТ,ТВ,Тула,Тула,нет,Отключить,,без изменений
ТВ,Ремонт телевизоров,БТ,ТВ,Тутаев (Ярославль),Ярославль,да,Отключить,,Отключить
ТВ,Ремонт телевизоров,БТ,ТВ,Тюмень,Тюмень,нет,Отключить,,Отключить
ТВ,Ремонт телевизоров,БТ,ТВ,Ульяновск,Ульяновск,нет,Отключить,,Отключить
ТВ,Ремонт телевизоров,БТ,ТВ,Усть-Лабинск (Краснодар),Краснодар,да,Отключить,,Отключить
ТВ,Ремонт телевизоров,БТ,ТВ,Чапаевск (Самара),Самара,да,Отключить,,Отключить
ТВ,Ремонт телевизоров,БТ,ТВ,Челябинск,Челябинск,нет,Отключить,,Отключить
ТВ,Ремонт телевизоров,БТ,ТВ,Череповец,Череповец,нет,Отключить,,Отключить
ТВ,Ремонт телевизоров,БТ,ТВ,Шелехов (Иркутск),Иркутск,да,Отключить,,Отключить
ТВ,Ремонт телевизоров,БТ,ТВ,Щёкино (Тула),Тула,да,Отключить,,Отключить
ТВ,Ремонт телевизоров,БТ,ТВ,Энгельс (Саратов),Саратов,да,Отключить,,Отключить
ТВ,Ремонт телевизоров,БТ,ТВ,Ярославль,Ярославль,нет,Отключить,,Отключить
ВП,Ремонт варочных панелей и духовых шкафов,БТ,ВП,Благовещенск (Уфа),Уфа,да,Увеличить,,Отключить
ВП,Ремонт варочных панелей и духовых шкафов,БТ,ВП,Казань,Казань,нет,Увеличить,,без изменений
ВП,Ремонт варочных панелей и духовых шкафов,БТ,ВП,Калининград,Калининград,нет,Увеличить,,без изменений
ВП,Ремонт варочных панелей и духовых шкафов,БТ,ВП,Кострома,Кострома,нет,Увеличить,,Отключить
ВП,Ремонт варочных панелей и духовых шкафов,БТ,ВП,Ростов-на-Дону,Ростов-на-Дону,нет,Увеличить,,Отключить
ВП,Ремонт варочных панелей и духовых шкафов,БТ,ВП,Сочи,Сочи,нет,Увеличить,✓,Отключить
ВП,Ремонт варочных панелей и духовых шкафов,БТ,ВП,Таганрог,Таганрог,нет,Увеличить,,Отключить
ВП,Ремонт варочных панелей и духовых шкафов,БТ,ВП,Уфа,Уфа,нет,Увеличить,,Отключить
ВП,Ремонт варочных панелей и духовых шкафов,БТ,ВП,Санкт-Петербург,Санкт-Петербург,нет,без изменений,,Увеличить
ВП,Ремонт варочных панелей и духовых шкафов,БТ,ВП,Челябинск,Челябинск,нет,без изменений,,Отключить
ВП,Ремонт варочных панелей и духовых шкафов,БТ,ВП,Адыгейск (Краснодар),Краснодар,да,Отключить,,Отключить
ВП,Ремонт варочных панелей и духовых шкафов,БТ,ВП,Азов (Ростов-на-Дону),Ростов-на-Дону,да,Отключить,,Отключить
ВП,Ремонт варочных панелей и духовых шкафов,БТ,ВП,Аксай (Ростов-на-Дону),Ростов-на-Дону,да,Отключить,,Отключить
ВП,Ремонт варочных панелей и духовых шкафов,БТ,ВП,Ангарск (Иркутск),Иркутск,да,Отключить,,Отключить
ВП,Ремонт варочных панелей и духовых шкафов,БТ,ВП,Арамиль (Екатеринбург),Екатеринбург,да,Отключить,,Отключить
ВП,Ремонт варочных панелей и духовых шкафов,БТ,ВП,Архангельск,Архангельск,нет,Отключить,,Отключить
ВП,Ремонт варочных панелей и духовых шкафов,БТ,ВП,Астрахань,Астрахань,нет,Отключить,,Отключить
ВП,Ремонт варочных панелей и духовых шкафов,БТ,ВП,Балаклава (Севастополь),Севастополь,да,Отключить,,Отключить
ВП,Ремонт варочных панелей и духовых шкафов,БТ,ВП,Балахна (Нижний Новгород),Нижний Новгород,да,Отключить,,Отключить
ВП,Ремонт варочных панелей и духовых шкафов,БТ,ВП,Балашиха (Москва),Москва,да,Отключить,,Отключить
ВП,Ремонт варочных панелей и духовых шкафов,БТ,ВП,Балтийск (Калининград),Калининград,да,Отключить,,Отключить
ВП,Ремонт варочных панелей и духовых шкафов,БТ,ВП,Барнаул,Барнаул,нет,Отключить,,Отключить
ВП,Ремонт варочных панелей и духовых шкафов,БТ,ВП,Батайск (Ростов-на-Дону),Ростов-на-Дону,да,Отключить,,Отключить
ВП,Ремонт варочных панелей и духовых шкафов,БТ,ВП,Бахчисарай (Севастополь),Севастополь,да,Отключить,,Отключить
ВП,Ремонт варочных панелей и духовых шкафов,БТ,ВП,Белгород,Белгород,нет,Отключить,,Увеличить
ВП,Ремонт варочных панелей и духовых шкафов,БТ,ВП,Белогорск (Севастополь),Севастополь,да,Отключить,,Отключить
ВП,Ремонт варочных панелей и духовых шкафов,БТ,ВП,Бердск (Новосибирск),Новосибирск,да,Отключить,,Отключить
ВП,Ремонт варочных панелей и духовых шкафов,БТ,ВП,Берёзовский (Екатеринбург),Екатеринбург,да,Отключить,,Отключить
ВП,Ремонт варочных панелей и духовых шкафов,БТ,ВП,Богородск (Нижний Новгород),Нижний Новгород,да,Отключить,,Отключить
ВП,Ремонт варочных панелей и духовых шкафов,БТ,ВП,Бор (Нижний Новгород),Нижний Новгород,да,Отключить,,Отключить
ВП,Ремонт варочных панелей и духовых шкафов,БТ,ВП,Брянск,Брянск,нет,Отключить,,Отключить
ВП,Ремонт варочных панелей и духовых шкафов,БТ,ВП,Бугры (Санкт-Петербург),Санкт-Петербург,да,Отключить,,Отключить
ВП,Ремонт варочных панелей и духовых шкафов,БТ,ВП,Верхняя Пышма (Екатеринбург),Екатеринбург,да,Отключить,,Отключить
ВП,Ремонт варочных панелей и духовых шкафов,БТ,ВП,Владимир,Владимир,нет,Отключить,,Отключить
ВП,Ремонт варочных панелей и духовых шкафов,БТ,ВП,Волгоград,Волгоград,нет,Отключить,,Отключить
ВП,Ремонт варочных панелей и духовых шкафов,БТ,ВП,Волжск (Казань),Казань,да,Отключить,,Отключить
ВП,Ремонт варочных панелей и духовых шкафов,БТ,ВП,Волжский (Волгоград),Волгоград,да,Отключить,,Отключить
ВП,Ремонт варочных панелей и духовых шкафов,БТ,ВП,Вологда,Вологда,нет,Отключить,,Отключить
ВП,Ремонт варочных панелей и духовых шкафов,БТ,ВП,Воронеж,Воронеж,нет,Отключить,,Отключить
ВП,Ремонт варочных панелей и духовых шкафов,БТ,ВП,Всеволожск (Санкт-Петербург),Санкт-Петербург,да,Отключить,,Отключить
ВП,Ремонт варочных панелей и духовых шкафов,БТ,ВП,Гвардейск (Калининград),Калининград,да,Отключить,,Отключить
ВП,Ремонт варочных панелей и духовых шкафов,БТ,ВП,Грязи (Липецк),Липецк,да,Отключить,,Отключить
ВП,Ремонт варочных панелей и духовых шкафов,БТ,ВП,Дивногорск (Красноярск),Красноярск,да,Отключить,,Отключить
ВП,Ремонт варочных панелей и духовых шкафов,БТ,ВП,Евпатория (Севастополь),Севастополь,да,Отключить,,Отключить
ВП,Ремонт варочных панелей и духовых шкафов,БТ,ВП,Екатеринбург,Екатеринбург,нет,Отключить,,Отключить
ВП,Ремонт варочных панелей и духовых шкафов,БТ,ВП,Елабуга (Набережные Челны),Набережные Челны,да,Отключить,,Отключить
ВП,Ремонт варочных панелей и духовых шкафов,БТ,ВП,Жигулёвск (Тольятти),Тольятти,да,Отключить,,Отключить
ВП,Ремонт варочных панелей и духовых шкафов,БТ,ВП,Зеленоградск (Калининград),Калининград,да,Отключить,,Отключить
ВП,Ремонт варочных панелей и духовых шкафов,БТ,ВП,Зеленодольск (Казань),Казань,да,Отключить,,Отключить
ВП,Ремонт варочных панелей и духовых шкафов,БТ,ВП,Иваново,Иваново,нет,Отключить,,Отключить
ВП,Ремонт варочных панелей и духовых шкафов,БТ,ВП,Ижевск,Ижевск,нет,Отключить,,без изменений
ВП,Ремонт варочных панелей и духовых шкафов,БТ,ВП,Иркутск,Иркутск,нет,Отключить,,без изменений
ВП,Ремонт варочных панелей и духовых шкафов,БТ,ВП,Ишимбай (Уфа),Уфа,да,Отключить,,Отключить
ВП,Ремонт варочных панелей и духовых шкафов,БТ,ВП,Йошкар-Ола,Йошкар-Ола,нет,Отключить,,Отключить
ВП,Ремонт варочных панелей и духовых шкафов,БТ,ВП,Калтан (Новокузнецк),Новокузнецк,да,Отключить,,Отключить
ВП,Ремонт варочных панелей и духовых шкафов,БТ,ВП,Калуга,Калуга,нет,Отключить,,Отключить
ВП,Ремонт варочных панелей и духовых шкафов,БТ,ВП,Камызяк (Астрахань),Астрахань,да,Отключить,,Отключить
ВП,Ремонт варочных панелей и духовых шкафов,БТ,ВП,Кемерово,Кемерово,нет,Отключить,,Отключить
ВП,Ремонт варочных панелей и духовых шкафов,БТ,ВП,Киров,Киров,нет,Отключить,,без изменений
ВП,Ремонт варочных панелей и духовых шкафов,БТ,ВП,Кирово-Чепецк (Киров),Киров,да,Отключить,,Отключить
ВП,Ремонт варочных панелей и духовых шкафов,БТ,ВП,Колпино (Санкт-Петербург),Санкт-Петербург,да,Отключить,,Отключить
ВП,Ремонт варочных панелей и духовых шкафов,БТ,ВП,Копейск (Челябинск),Челябинск,да,Отключить,,Отключить
ВП,Ремонт варочных панелей и духовых шкафов,БТ,ВП,Коркино (Челябинск),Челябинск,да,Отключить,,Отключить
ВП,Ремонт варочных панелей и духовых шкафов,БТ,ВП,Краснодар,Краснодар,нет,Отключить,,Отключить
ВП,Ремонт варочных панелей и духовых шкафов,БТ,ВП,Краснокамск (Пермь),Пермь,да,Отключить,,без изменений
ВП,Ремонт варочных панелей и духовых шкафов,БТ,ВП,Красноярск,Красноярск,нет,Отключить,✓,без изменений
ВП,Ремонт варочных панелей и духовых шкафов,БТ,ВП,Кстово (Нижний Новгород),Нижний Новгород,да,Отключить,,Отключить
ВП,Ремонт варочных панелей и духовых шкафов,БТ,ВП,Кудрово (Санкт-Петербург),Санкт-Петербург,да,Отключить,,Отключить
ВП,Ремонт варочных панелей и духовых шкафов,БТ,ВП,Курск,Курск,нет,Отключить,,Отключить
ВП,Ремонт варочных панелей и духовых шкафов,БТ,ВП,Липецк,Липецк,нет,Отключить,,Отключить
ВП,Ремонт варочных панелей и духовых шкафов,БТ,ВП,Ломоносов (Санкт-Петербург),Санкт-Петербург,да,Отключить,,Отключить
ВП,Ремонт варочных панелей и духовых шкафов,БТ,ВП,Люберцы (Москва),Москва,да,Отключить,,Отключить
ВП,Ремонт варочных панелей и духовых шкафов,БТ,ВП,Магнитогорск,Магнитогорск,нет,Отключить,,Отключить
ВП,Ремонт варочных панелей и духовых шкафов,БТ,ВП,Менделеевск (Набережные Челны),Набережные Челны,да,Отключить,,Отключить
ВП,Ремонт варочных панелей и духовых шкафов,БТ,ВП,Михайловск (Ставрополь),Ставрополь,да,Отключить,,Отключить
ВП,Ремонт варочных панелей и духовых шкафов,БТ,ВП,Москва,Москва,нет,Отключить,,Отключить
ВП,Ремонт варочных панелей и духовых шкафов,БТ,ВП,Мурино (Санкт-Петербург),Санкт-Петербург,да,Отключить,,Отключить
ВП,Ремонт варочных панелей и духовых шкафов,БТ,ВП,Мурманск,Мурманск,нет,Отключить,,Отключить
ВП,Ремонт варочных панелей и духовых шкафов,БТ,ВП,Набережные Челны,Набережные Челны,нет,Отключить,,Отключить
ВП,Ремонт варочных панелей и духовых шкафов,БТ,ВП,Нижнекамск (Набережные Челны),Набережные Челны,да,Отключить,,Отключить
ВП,Ремонт варочных панелей и духовых шкафов,БТ,ВП,Нижний Новгород,Нижний Новгород,нет,Отключить,,Отключить
ВП,Ремонт варочных панелей и духовых шкафов,БТ,ВП,Нижний Тагил,Нижний Тагил,нет,Отключить,,Отключить
ВП,Ремонт варочных панелей и духовых шкафов,БТ,ВП,Новоалтайск (Барнаул),Барнаул,да,Отключить,,Отключить
ВП,Ремонт варочных панелей и духовых шкафов,БТ,ВП,Новокузнецк,Новокузнецк,нет,Отключить,,Отключить
ВП,Ремонт варочных панелей и духовых шкафов,БТ,ВП,Новокуйбышевск (Самара),Самара,да,Отключить,,Отключить
ВП,Ремонт варочных панелей и духовых шкафов,БТ,ВП,Новомосковск (Тула),Тула,да,Отключить,,Отключить
ВП,Ремонт варочных панелей и духовых шкафов,БТ,ВП,Новосибирск,Новосибирск,нет,Отключить,,Отключить
ВП,Ремонт варочных панелей и духовых шкафов,БТ,ВП,Новоульяновск (Ульяновск),Ульяновск,да,Отключить,,без изменений
ВП,Ремонт варочных панелей и духовых шкафов,БТ,ВП,Новочебоксарск (Чебоксары),Чебоксары,да,Отключить,,Отключить
ВП,Ремонт варочных панелей и духовых шкафов,БТ,ВП,Новочеркасск (Ростов-на-Дону),Ростов-на-Дону,да,Отключить,,Отключить
ВП,Ремонт варочных панелей и духовых шкафов,БТ,ВП,Октябрьск (Сызрань),Сызрань,да,Отключить,,Отключить
ВП,Ремонт варочных панелей и духовых шкафов,БТ,ВП,Омск,Омск,нет,Отключить,,Отключить
ВП,Ремонт варочных панелей и духовых шкафов,БТ,ВП,Орел,Орел,нет,Отключить,,Отключить
ВП,Ремонт варочных панелей и духовых шкафов,БТ,ВП,Оренбург,Оренбург,нет,Отключить,,Отключить
ВП,Ремонт варочных панелей и духовых шкафов,БТ,ВП,Осинники (Новокузнецк),Новокузнецк,да,Отключить,,Отключить
ВП,Ремонт варочных панелей и духовых шкафов,БТ,ВП,Павловск (Санкт-Петербург),Санкт-Петербург,да,Отключить,,Отключить
ВП,Ремонт варочных панелей и духовых шкафов,БТ,ВП,Первоуральск (Екатеринбург),Екатеринбург,да,Отключить,,Отключить
ВП,Ремонт варочных панелей и духовых шкафов,БТ,ВП,Пермь,Пермь,нет,Отключить,,без изменений
ВП,Ремонт варочных панелей и духовых шкафов,БТ,ВП,Петергоф (Санкт-Петербург),Санкт-Петербург,да,Отключить,,Отключить
ВП,Ремонт варочных панелей и духовых шкафов,БТ,ВП,Петрозаводск,Петрозаводск,нет,Отключить,,Отключить
ВП,Ремонт варочных панелей и духовых шкафов,БТ,ВП,Прокопьевск (Новокузнецк),Новокузнецк,да,Отключить,,Отключить
ВП,Ремонт варочных панелей и духовых шкафов,БТ,ВП,Пушкин (Санкт-Петербург),Санкт-Петербург,да,Отключить,,Отключить
ВП,Ремонт варочных панелей и духовых шкафов,БТ,ВП,Рязань,Рязань,нет,Отключить,,Отключить
ВП,Ремонт варочных панелей и духовых шкафов,БТ,ВП,Саки (Севастополь),Севастополь,да,Отключить,,Отключить
ВП,Ремонт варочных панелей и духовых шкафов,БТ,ВП,Салават (Уфа),Уфа,да,Отключить,,Отключить
ВП,Ремонт варочных панелей и духовых шкафов,БТ,ВП,Самара,Самара,нет,Отключить,,Отключить
ВП,Ремонт варочных панелей и духовых шкафов,БТ,ВП,Саратов,Саратов,нет,Отключить,,Отключить
ВП,Ремонт варочных панелей и духовых шкафов,БТ,ВП,Светлогорск (Калининград),Калининград,да,Отключить,,Отключить
ВП,Ремонт варочных панелей и духовых шкафов,БТ,ВП,Светлый (Калининград),Калининград,да,Отключить,,Отключить
ВП,Ремонт варочных панелей и духовых шкафов,БТ,ВП,Севастополь,Севастополь,нет,Отключить,,Отключить
ВП,Ремонт варочных панелей и духовых шкафов,БТ,ВП,Семилуки (Воронеж),Воронеж,да,Отключить,,Отключить
ВП,Ремонт варочных панелей и духовых шкафов,БТ,ВП,Сертолово (Санкт-Петербург),Санкт-Петербург,да,Отключить,,Отключить
ВП,Ремонт варочных панелей и духовых шкафов,БТ,ВП,Сестрорецк (Санкт-Петербург),Санкт-Петербург,да,Отключить,,Отключить
ВП,Ремонт варочных панелей и духовых шкафов,БТ,ВП,Симферополь (Севастополь),Севастополь,да,Отключить,,Отключить
ВП,Ремонт варочных панелей и духовых шкафов,БТ,ВП,Смоленск,Смоленск,нет,Отключить,,Отключить
ВП,Ремонт варочных панелей и духовых шкафов,БТ,ВП,Сосновоборск (Красноярск),Красноярск,да,Отключить,,Отключить
ВП,Ремонт варочных панелей и духовых шкафов,БТ,ВП,Среднеуральск (Екатеринбург),Екатеринбург,да,Отключить,,Отключить
ВП,Ремонт варочных панелей и духовых шкафов,БТ,ВП,Ставрополь,Ставрополь,нет,Отключить,,без изменений
ВП,Ремонт варочных панелей и духовых шкафов,БТ,ВП,Стерлитамак,Стерлитамак,нет,Отключить,,Отключить
ВП,Ремонт варочных панелей и духовых шкафов,БТ,ВП,Сургут,Сургут,нет,Отключить,,Отключить
ВП,Ремонт варочных панелей и духовых шкафов,БТ,ВП,Сызрань,Сызрань,нет,Отключить,,Отключить
ВП,Ремонт варочных панелей и духовых шкафов,БТ,ВП,Сыктывкар,Сыктывкар,нет,Отключить,,Отключить
ВП,Ремонт варочных панелей и духовых шкафов,БТ,ВП,Тамбов,Тамбов,нет,Отключить,,Отключить
ВП,Ремонт варочных панелей и духовых шкафов,БТ,ВП,Тверь,Тверь,нет,Отключить,✓,без изменений
ВП,Ремонт варочных панелей и духовых шкафов,БТ,ВП,Тольятти,Тольятти,нет,Отключить,,Отключить
ВП,Ремонт варочных панелей и духовых шкафов,БТ,ВП,Томск,Томск,нет,Отключить,,Отключить
ВП,Ремонт варочных панелей и духовых шкафов,БТ,ВП,Топки (Кемерово),Кемерово,да,Отключить,,Отключить
ВП,Ремонт варочных панелей и духовых шкафов,БТ,ВП,Тула,Тула,нет,Отключить,,Отключить
ВП,Ремонт варочных панелей и духовых шкафов,БТ,ВП,Тутаев (Ярославль),Ярославль,да,Отключить,,Отключить
ВП,Ремонт варочных панелей и духовых шкафов,БТ,ВП,Тюмень,Тюмень,нет,Отключить,,Отключить
ВП,Ремонт варочных панелей и духовых шкафов,БТ,ВП,Ульяновск,Ульяновск,нет,Отключить,,Увеличить
ВП,Ремонт варочных панелей и духовых шкафов,БТ,ВП,Усть-Лабинск (Краснодар),Краснодар,да,Отключить,,Отключить
ВП,Ремонт варочных панелей и духовых шкафов,БТ,ВП,Цивильск (Чебоксары),Чебоксары,да,Отключить,,Отключить
ВП,Ремонт варочных панелей и духовых шкафов,БТ,ВП,Чапаевск (Самара),Самара,да,Отключить,,Отключить
ВП,Ремонт варочных панелей и духовых шкафов,БТ,ВП,Чебоксары,Чебоксары,нет,Отключить,,Отключить
ВП,Ремонт варочных панелей и духовых шкафов,БТ,ВП,Череповец,Череповец,нет,Отключить,,Отключить
ВП,Ремонт варочных панелей и духовых шкафов,БТ,ВП,Шелехов (Иркутск),Иркутск,да,Отключить,,Отключить
ВП,Ремонт варочных панелей и духовых шкафов,БТ,ВП,Щёкино (Тула),Тула,да,Отключить,,Отключить
ВП,Ремонт варочных панелей и духовых шкафов,БТ,ВП,Энгельс (Саратов),Саратов,да,Отключить,,Отключить
ВП,Ремонт варочных панелей и духовых шкафов,БТ,ВП,Ярославль,Ярославль,нет,Отключить,,Отключить
БР,Ремонт бойлеров,БТ,БР,Астрахань,Астрахань,нет,Увеличить,,Отключить
БР,Ремонт бойлеров,БТ,БР,Белгород,Белгород,нет,Увеличить,,без изменений
БР,Ремонт бойлеров,БТ,БР,Благовещенск (Уфа),Уфа,да,Увеличить,,без изменений
БР,Ремонт бойлеров,БТ,БР,Краснодар,Краснодар,нет,Увеличить,,Отключить
БР,Ремонт бойлеров,БТ,БР,Ростов-на-Дону,Ростов-на-Дону,нет,Увеличить,,Отключить
БР,Ремонт бойлеров,БТ,БР,Сочи,Сочи,нет,Увеличить,✓,Отключить
БР,Ремонт бойлеров,БТ,БР,Ставрополь,Ставрополь,нет,Увеличить,,без изменений
БР,Ремонт бойлеров,БТ,БР,Таганрог,Таганрог,нет,Увеличить,,Отключить
БР,Ремонт бойлеров,БТ,БР,Тверь,Тверь,нет,Увеличить,,без изменений
БР,Ремонт бойлеров,БТ,БР,Уфа,Уфа,нет,Увеличить,,без изменений
БР,Ремонт бойлеров,БТ,БР,Зеленодольск (Казань),Казань,да,без изменений,,Отключить
БР,Ремонт бойлеров,БТ,БР,Ижевск,Ижевск,нет,без изменений,,Отключить
БР,Ремонт бойлеров,БТ,БР,Казань,Казань,нет,без изменений,✓,Увеличить
БР,Ремонт бойлеров,БТ,БР,Калининград,Калининград,нет,без изменений,,Увеличить
БР,Ремонт бойлеров,БТ,БР,Киров,Киров,нет,без изменений,,Отключить
БР,Ремонт бойлеров,БТ,БР,Кирово-Чепецк (Киров),Киров,да,без изменений,,Отключить
БР,Ремонт бойлеров,БТ,БР,Курск,Курск,нет,без изменений,,Отключить
БР,Ремонт бойлеров,БТ,БР,Михайловск (Ставрополь),Ставрополь,да,без изменений,,Отключить
БР,Ремонт бойлеров,БТ,БР,Севастополь,Севастополь,нет,без изменений,,Отключить
БР,Ремонт бойлеров,БТ,БР,Тюмень,Тюмень,нет,без изменений,,Отключить
БР,Ремонт бойлеров,БТ,БР,Челябинск,Челябинск,нет,без изменений,,Отключить
БР,Ремонт бойлеров,БТ,БР,Адыгейск (Краснодар),Краснодар,да,Отключить,,Отключить
БР,Ремонт бойлеров,БТ,БР,Азов (Ростов-на-Дону),Ростов-на-Дону,да,Отключить,,Отключить
БР,Ремонт бойлеров,БТ,БР,Аксай (Ростов-на-Дону),Ростов-на-Дону,да,Отключить,,Отключить
БР,Ремонт бойлеров,БТ,БР,Ангарск (Иркутск),Иркутск,да,Отключить,,Отключить
БР,Ремонт бойлеров,БТ,БР,Арамиль (Екатеринбург),Екатеринбург,да,Отключить,,Отключить
БР,Ремонт бойлеров,БТ,БР,Архангельск,Архангельск,нет,Отключить,,Отключить
БР,Ремонт бойлеров,БТ,БР,Балаклава (Севастополь),Севастополь,да,Отключить,,Отключить
БР,Ремонт бойлеров,БТ,БР,Балахна (Нижний Новгород),Нижний Новгород,да,Отключить,,Отключить
БР,Ремонт бойлеров,БТ,БР,Балашиха (Москва),Москва,да,Отключить,,Отключить
БР,Ремонт бойлеров,БТ,БР,Балтийск (Калининград),Калининград,да,Отключить,,Отключить
БР,Ремонт бойлеров,БТ,БР,Барнаул,Барнаул,нет,Отключить,,Отключить
БР,Ремонт бойлеров,БТ,БР,Батайск (Ростов-на-Дону),Ростов-на-Дону,да,Отключить,,Отключить
БР,Ремонт бойлеров,БТ,БР,Бахчисарай (Севастополь),Севастополь,да,Отключить,,Отключить
БР,Ремонт бойлеров,БТ,БР,Белогорск (Севастополь),Севастополь,да,Отключить,,Отключить
БР,Ремонт бойлеров,БТ,БР,Бердск (Новосибирск),Новосибирск,да,Отключить,,Отключить
БР,Ремонт бойлеров,БТ,БР,Берёзовский (Екатеринбург),Екатеринбург,да,Отключить,,Отключить
БР,Ремонт бойлеров,БТ,БР,Богородск (Нижний Новгород),Нижний Новгород,да,Отключить,,Отключить
БР,Ремонт бойлеров,БТ,БР,Бор (Нижний Новгород),Нижний Новгород,да,Отключить,,Отключить
БР,Ремонт бойлеров,БТ,БР,Брянск,Брянск,нет,Отключить,,Отключить
БР,Ремонт бойлеров,БТ,БР,Бугры (Санкт-Петербург),Санкт-Петербург,да,Отключить,,Отключить
БР,Ремонт бойлеров,БТ,БР,Верхняя Пышма (Екатеринбург),Екатеринбург,да,Отключить,,Отключить
БР,Ремонт бойлеров,БТ,БР,Владимир,Владимир,нет,Отключить,,Отключить
БР,Ремонт бойлеров,БТ,БР,Волгоград,Волгоград,нет,Отключить,,Отключить
БР,Ремонт бойлеров,БТ,БР,Волжск (Казань),Казань,да,Отключить,,Отключить
БР,Ремонт бойлеров,БТ,БР,Волжский (Волгоград),Волгоград,да,Отключить,,Отключить
БР,Ремонт бойлеров,БТ,БР,Вологда,Вологда,нет,Отключить,✓,Увеличить
БР,Ремонт бойлеров,БТ,БР,Воронеж,Воронеж,нет,Отключить,,Отключить
БР,Ремонт бойлеров,БТ,БР,Всеволожск (Санкт-Петербург),Санкт-Петербург,да,Отключить,,Отключить
БР,Ремонт бойлеров,БТ,БР,Гвардейск (Калининград),Калининград,да,Отключить,,Отключить
БР,Ремонт бойлеров,БТ,БР,Грязи (Липецк),Липецк,да,Отключить,,Отключить
БР,Ремонт бойлеров,БТ,БР,Дивногорск (Красноярск),Красноярск,да,Отключить,,Отключить
БР,Ремонт бойлеров,БТ,БР,Евпатория (Севастополь),Севастополь,да,Отключить,,Отключить
БР,Ремонт бойлеров,БТ,БР,Екатеринбург,Екатеринбург,нет,Отключить,,без изменений
БР,Ремонт бойлеров,БТ,БР,Елабуга (Набережные Челны),Набережные Челны,да,Отключить,,Отключить
БР,Ремонт бойлеров,БТ,БР,Жигулёвск (Тольятти),Тольятти,да,Отключить,,Отключить
БР,Ремонт бойлеров,БТ,БР,Зеленоградск (Калининград),Калининград,да,Отключить,,Отключить
БР,Ремонт бойлеров,БТ,БР,Иваново,Иваново,нет,Отключить,,Отключить
БР,Ремонт бойлеров,БТ,БР,Иркутск,Иркутск,нет,Отключить,,Отключить
БР,Ремонт бойлеров,БТ,БР,Ишимбай (Уфа),Уфа,да,Отключить,,Отключить
БР,Ремонт бойлеров,БТ,БР,Йошкар-Ола,Йошкар-Ола,нет,Отключить,,Отключить
БР,Ремонт бойлеров,БТ,БР,Калтан (Новокузнецк),Новокузнецк,да,Отключить,,Отключить
БР,Ремонт бойлеров,БТ,БР,Калуга,Калуга,нет,Отключить,,Отключить
БР,Ремонт бойлеров,БТ,БР,Камызяк (Астрахань),Астрахань,да,Отключить,,Отключить
БР,Ремонт бойлеров,БТ,БР,Кемерово,Кемерово,нет,Отключить,,Отключить
БР,Ремонт бойлеров,БТ,БР,Колпино (Санкт-Петербург),Санкт-Петербург,да,Отключить,,Отключить
БР,Ремонт бойлеров,БТ,БР,Копейск (Челябинск),Челябинск,да,Отключить,,Отключить
БР,Ремонт бойлеров,БТ,БР,Коркино (Челябинск),Челябинск,да,Отключить,,Отключить
БР,Ремонт бойлеров,БТ,БР,Кострома,Кострома,нет,Отключить,,Отключить
БР,Ремонт бойлеров,БТ,БР,Краснокамск (Пермь),Пермь,да,Отключить,,Отключить
БР,Ремонт бойлеров,БТ,БР,Красноярск,Красноярск,нет,Отключить,,Отключить
БР,Ремонт бойлеров,БТ,БР,Кстово (Нижний Новгород),Нижний Новгород,да,Отключить,,Отключить
БР,Ремонт бойлеров,БТ,БР,Кудрово (Санкт-Петербург),Санкт-Петербург,да,Отключить,,Отключить
БР,Ремонт бойлеров,БТ,БР,Липецк,Липецк,нет,Отключить,,Отключить
БР,Ремонт бойлеров,БТ,БР,Ломоносов (Санкт-Петербург),Санкт-Петербург,да,Отключить,,Отключить
БР,Ремонт бойлеров,БТ,БР,Люберцы (Москва),Москва,да,Отключить,,Отключить
БР,Ремонт бойлеров,БТ,БР,Магнитогорск,Магнитогорск,нет,Отключить,,Отключить
БР,Ремонт бойлеров,БТ,БР,Менделеевск (Набережные Челны),Набережные Челны,да,Отключить,,Отключить
БР,Ремонт бойлеров,БТ,БР,Москва,Москва,нет,Отключить,,Отключить
БР,Ремонт бойлеров,БТ,БР,Мурино (Санкт-Петербург),Санкт-Петербург,да,Отключить,,Отключить
БР,Ремонт бойлеров,БТ,БР,Мурманск,Мурманск,нет,Отключить,,Отключить
БР,Ремонт бойлеров,БТ,БР,Набережные Челны,Набережные Челны,нет,Отключить,,Отключить
БР,Ремонт бойлеров,БТ,БР,Нижнекамск (Набережные Челны),Набережные Челны,да,Отключить,,Отключить
БР,Ремонт бойлеров,БТ,БР,Нижний Новгород,Нижний Новгород,нет,Отключить,,Отключить
БР,Ремонт бойлеров,БТ,БР,Нижний Тагил,Нижний Тагил,нет,Отключить,,Отключить
БР,Ремонт бойлеров,БТ,БР,Новоалтайск (Барнаул),Барнаул,да,Отключить,,Отключить
БР,Ремонт бойлеров,БТ,БР,Новокузнецк,Новокузнецк,нет,Отключить,,Отключить
БР,Ремонт бойлеров,БТ,БР,Новокуйбышевск (Самара),Самара,да,Отключить,,Отключить
БР,Ремонт бойлеров,БТ,БР,Новомосковск (Тула),Тула,да,Отключить,,Отключить
БР,Ремонт бойлеров,БТ,БР,Новосибирск,Новосибирск,нет,Отключить,,Отключить
БР,Ремонт бойлеров,БТ,БР,Новоульяновск (Ульяновск),Ульяновск,да,Отключить,,Отключить
БР,Ремонт бойлеров,БТ,БР,Новочебоксарск (Чебоксары),Чебоксары,да,Отключить,,Отключить
БР,Ремонт бойлеров,БТ,БР,Новочеркасск (Ростов-на-Дону),Ростов-на-Дону,да,Отключить,,Отключить
БР,Ремонт бойлеров,БТ,БР,Октябрьск (Сызрань),Сызрань,да,Отключить,,Отключить
БР,Ремонт бойлеров,БТ,БР,Омск,Омск,нет,Отключить,,Отключить
БР,Ремонт бойлеров,БТ,БР,Орел,Орел,нет,Отключить,,Отключить
БР,Ремонт бойлеров,БТ,БР,Оренбург,Оренбург,нет,Отключить,,Отключить
БР,Ремонт бойлеров,БТ,БР,Осинники (Новокузнецк),Новокузнецк,да,Отключить,,Отключить
БР,Ремонт бойлеров,БТ,БР,Павловск (Санкт-Петербург),Санкт-Петербург,да,Отключить,,Отключить
БР,Ремонт бойлеров,БТ,БР,Первоуральск (Екатеринбург),Екатеринбург,да,Отключить,,Отключить
БР,Ремонт бойлеров,БТ,БР,Пермь,Пермь,нет,Отключить,,Увеличить
БР,Ремонт бойлеров,БТ,БР,Петергоф (Санкт-Петербург),Санкт-Петербург,да,Отключить,,Отключить
БР,Ремонт бойлеров,БТ,БР,Петрозаводск,Петрозаводск,нет,Отключить,,Отключить
БР,Ремонт бойлеров,БТ,БР,Прокопьевск (Новокузнецк),Новокузнецк,да,Отключить,,Отключить
БР,Ремонт бойлеров,БТ,БР,Пушкин (Санкт-Петербург),Санкт-Петербург,да,Отключить,,Отключить
БР,Ремонт бойлеров,БТ,БР,Рязань,Рязань,нет,Отключить,,Отключить
БР,Ремонт бойлеров,БТ,БР,Саки (Севастополь),Севастополь,да,Отключить,,Отключить
БР,Ремонт бойлеров,БТ,БР,Салават (Уфа),Уфа,да,Отключить,,Отключить
БР,Ремонт бойлеров,БТ,БР,Самара,Самара,нет,Отключить,,Отключить
БР,Ремонт бойлеров,БТ,БР,Санкт-Петербург,Санкт-Петербург,нет,Отключить,,Отключить
БР,Ремонт бойлеров,БТ,БР,Саратов,Саратов,нет,Отключить,,без изменений
БР,Ремонт бойлеров,БТ,БР,Светлогорск (Калининград),Калининград,да,Отключить,,Отключить
БР,Ремонт бойлеров,БТ,БР,Светлый (Калининград),Калининград,да,Отключить,,Отключить
БР,Ремонт бойлеров,БТ,БР,Семилуки (Воронеж),Воронеж,да,Отключить,,Отключить
БР,Ремонт бойлеров,БТ,БР,Сертолово (Санкт-Петербург),Санкт-Петербург,да,Отключить,,Отключить
БР,Ремонт бойлеров,БТ,БР,Сестрорецк (Санкт-Петербург),Санкт-Петербург,да,Отключить,,Отключить
БР,Ремонт бойлеров,БТ,БР,Симферополь (Севастополь),Севастополь,да,Отключить,,Отключить
БР,Ремонт бойлеров,БТ,БР,Смоленск,Смоленск,нет,Отключить,,Отключить
БР,Ремонт бойлеров,БТ,БР,Сосновоборск (Красноярск),Красноярск,да,Отключить,,Отключить
БР,Ремонт бойлеров,БТ,БР,Среднеуральск (Екатеринбург),Екатеринбург,да,Отключить,,Отключить
БР,Ремонт бойлеров,БТ,БР,Стерлитамак,Стерлитамак,нет,Отключить,,Отключить
БР,Ремонт бойлеров,БТ,БР,Сургут,Сургут,нет,Отключить,,Отключить
БР,Ремонт бойлеров,БТ,БР,Сызрань,Сызрань,нет,Отключить,,Отключить
БР,Ремонт бойлеров,БТ,БР,Сыктывкар,Сыктывкар,нет,Отключить,,Отключить
БР,Ремонт бойлеров,БТ,БР,Тамбов,Тамбов,нет,Отключить,,Отключить
БР,Ремонт бойлеров,БТ,БР,Тольятти,Тольятти,нет,Отключить,,Отключить
БР,Ремонт бойлеров,БТ,БР,Томск,Томск,нет,Отключить,,Отключить
БР,Ремонт бойлеров,БТ,БР,Топки (Кемерово),Кемерово,да,Отключить,,Отключить
БР,Ремонт бойлеров,БТ,БР,Тула,Тула,нет,Отключить,,Отключить
БР,Ремонт бойлеров,БТ,БР,Тутаев (Ярославль),Ярославль,да,Отключить,,Отключить
БР,Ремонт бойлеров,БТ,БР,Ульяновск,Ульяновск,нет,Отключить,,Отключить
БР,Ремонт бойлеров,БТ,БР,Усть-Лабинск (Краснодар),Краснодар,да,Отключить,,Отключить
БР,Ремонт бойлеров,БТ,БР,Цивильск (Чебоксары),Чебоксары,да,Отключить,,Отключить
БР,Ремонт бойлеров,БТ,БР,Чапаевск (Самара),Самара,да,Отключить,,Отключить
БР,Ремонт бойлеров,БТ,БР,Чебоксары,Чебоксары,нет,Отключить,,Отключить
БР,Ремонт бойлеров,БТ,БР,Череповец,Череповец,нет,Отключить,,Отключить
БР,Ремонт бойлеров,БТ,БР,Шелехов (Иркутск),Иркутск,да,Отключить,,Отключить
БР,Ремонт бойлеров,БТ,БР,Щёкино (Тула),Тула,да,Отключить,,Отключить
БР,Ремонт бойлеров,БТ,БР,Энгельс (Саратов),Саратов,да,Отключить,,Отключить
БР,Ремонт бойлеров,БТ,БР,Ярославль,Ярославль,нет,Отключить,,Отключить
КМ,Ремонт кофемашин,БТ,КМ,Балтийск (Калининград),Калининград,да,Увеличить,,Отключить
КМ,Ремонт кофемашин,БТ,КМ,Благовещенск (Уфа),Уфа,да,Увеличить,,Отключить
КМ,Ремонт кофемашин,БТ,КМ,Зеленоградск (Калининград),Калининград,да,Увеличить,,Отключить
КМ,Ремонт кофемашин,БТ,КМ,Калининград,Калининград,нет,Увеличить,,Отключить
КМ,Ремонт кофемашин,БТ,КМ,Новосибирск,Новосибирск,нет,Увеличить,,Отключить
КМ,Ремонт кофемашин,БТ,КМ,Новочебоксарск (Чебоксары),Чебоксары,да,Увеличить,,Отключить
КМ,Ремонт кофемашин,БТ,КМ,Оренбург,Оренбург,нет,Увеличить,,без изменений
КМ,Ремонт кофемашин,БТ,КМ,Светлогорск (Калининград),Калининград,да,Увеличить,,Отключить
КМ,Ремонт кофемашин,БТ,КМ,Светлый (Калининград),Калининград,да,Увеличить,,Отключить
КМ,Ремонт кофемашин,БТ,КМ,Таганрог,Таганрог,нет,Увеличить,,Отключить
КМ,Ремонт кофемашин,БТ,КМ,Уфа,Уфа,нет,Увеличить,,Отключить
КМ,Ремонт кофемашин,БТ,КМ,Цивильск (Чебоксары),Чебоксары,да,Увеличить,,Отключить
КМ,Ремонт кофемашин,БТ,КМ,Чебоксары,Чебоксары,нет,Увеличить,,Отключить
КМ,Ремонт кофемашин,БТ,КМ,Екатеринбург,Екатеринбург,нет,без изменений,,Отключить
КМ,Ремонт кофемашин,БТ,КМ,Жигулёвск (Тольятти),Тольятти,да,без изменений,,Отключить
КМ,Ремонт кофемашин,БТ,КМ,Зеленодольск (Казань),Казань,да,без изменений,,Отключить
КМ,Ремонт кофемашин,БТ,КМ,Казань,Казань,нет,без изменений,,Отключить
КМ,Ремонт кофемашин,БТ,КМ,Калуга,Калуга,нет,без изменений,,Отключить
КМ,Ремонт кофемашин,БТ,КМ,Киров,Киров,нет,без изменений,,Отключить
КМ,Ремонт кофемашин,БТ,КМ,Кострома,Кострома,нет,без изменений,✓,Увеличить
КМ,Ремонт кофемашин,БТ,КМ,Мурманск,Мурманск,нет,без изменений,,Отключить
КМ,Ремонт кофемашин,БТ,КМ,Сочи,Сочи,нет,без изменений,,Отключить
КМ,Ремонт кофемашин,БТ,КМ,Тольятти,Тольятти,нет,без изменений,,Отключить
КМ,Ремонт кофемашин,БТ,КМ,Челябинск,Челябинск,нет,без изменений,,Отключить
КМ,Ремонт кофемашин,БТ,КМ,Адыгейск (Краснодар),Краснодар,да,Отключить,,Отключить
КМ,Ремонт кофемашин,БТ,КМ,Азов (Ростов-на-Дону),Ростов-на-Дону,да,Отключить,,Отключить
КМ,Ремонт кофемашин,БТ,КМ,Аксай (Ростов-на-Дону),Ростов-на-Дону,да,Отключить,,Отключить
КМ,Ремонт кофемашин,БТ,КМ,Ангарск (Иркутск),Иркутск,да,Отключить,,Отключить
КМ,Ремонт кофемашин,БТ,КМ,Арамиль (Екатеринбург),Екатеринбург,да,Отключить,,Отключить
КМ,Ремонт кофемашин,БТ,КМ,Архангельск,Архангельск,нет,Отключить,,Отключить
КМ,Ремонт кофемашин,БТ,КМ,Астрахань,Астрахань,нет,Отключить,,без изменений
КМ,Ремонт кофемашин,БТ,КМ,Балаклава (Севастополь),Севастополь,да,Отключить,,Отключить
КМ,Ремонт кофемашин,БТ,КМ,Балахна (Нижний Новгород),Нижний Новгород,да,Отключить,,Отключить
КМ,Ремонт кофемашин,БТ,КМ,Балашиха (Москва),Москва,да,Отключить,,Отключить
КМ,Ремонт кофемашин,БТ,КМ,Барнаул,Барнаул,нет,Отключить,,Отключить
КМ,Ремонт кофемашин,БТ,КМ,Батайск (Ростов-на-Дону),Ростов-на-Дону,да,Отключить,,Отключить
КМ,Ремонт кофемашин,БТ,КМ,Бахчисарай (Севастополь),Севастополь,да,Отключить,,Отключить
КМ,Ремонт кофемашин,БТ,КМ,Белгород,Белгород,нет,Отключить,,без изменений
КМ,Ремонт кофемашин,БТ,КМ,Белогорск (Севастополь),Севастополь,да,Отключить,,Отключить
КМ,Ремонт кофемашин,БТ,КМ,Бердск (Новосибирск),Новосибирск,да,Отключить,,Отключить
КМ,Ремонт кофемашин,БТ,КМ,Берёзовский (Екатеринбург),Екатеринбург,да,Отключить,,Отключить
КМ,Ремонт кофемашин,БТ,КМ,Богородск (Нижний Новгород),Нижний Новгород,да,Отключить,,Отключить
КМ,Ремонт кофемашин,БТ,КМ,Бор (Нижний Новгород),Нижний Новгород,да,Отключить,,Отключить
КМ,Ремонт кофемашин,БТ,КМ,Брянск,Брянск,нет,Отключить,,Отключить
КМ,Ремонт кофемашин,БТ,КМ,Бугры (Санкт-Петербург),Санкт-Петербург,да,Отключить,,Отключить
КМ,Ремонт кофемашин,БТ,КМ,Верхняя Пышма (Екатеринбург),Екатеринбург,да,Отключить,,Отключить
КМ,Ремонт кофемашин,БТ,КМ,Владимир,Владимир,нет,Отключить,,Отключить
КМ,Ремонт кофемашин,БТ,КМ,Волгоград,Волгоград,нет,Отключить,,Отключить
КМ,Ремонт кофемашин,БТ,КМ,Волжск (Казань),Казань,да,Отключить,,Отключить
КМ,Ремонт кофемашин,БТ,КМ,Волжский (Волгоград),Волгоград,да,Отключить,,Отключить
КМ,Ремонт кофемашин,БТ,КМ,Вологда,Вологда,нет,Отключить,,Отключить
КМ,Ремонт кофемашин,БТ,КМ,Воронеж,Воронеж,нет,Отключить,,Отключить
КМ,Ремонт кофемашин,БТ,КМ,Всеволожск (Санкт-Петербург),Санкт-Петербург,да,Отключить,,Отключить
КМ,Ремонт кофемашин,БТ,КМ,Гвардейск (Калининград),Калининград,да,Отключить,,Отключить
КМ,Ремонт кофемашин,БТ,КМ,Грязи (Липецк),Липецк,да,Отключить,,Отключить
КМ,Ремонт кофемашин,БТ,КМ,Дивногорск (Красноярск),Красноярск,да,Отключить,,Отключить
КМ,Ремонт кофемашин,БТ,КМ,Евпатория (Севастополь),Севастополь,да,Отключить,,Отключить
КМ,Ремонт кофемашин,БТ,КМ,Елабуга (Набережные Челны),Набережные Челны,да,Отключить,,Отключить
КМ,Ремонт кофемашин,БТ,КМ,Иваново,Иваново,нет,Отключить,,Отключить
КМ,Ремонт кофемашин,БТ,КМ,Ижевск,Ижевск,нет,Отключить,,Увеличить
КМ,Ремонт кофемашин,БТ,КМ,Иркутск,Иркутск,нет,Отключить,,Отключить
КМ,Ремонт кофемашин,БТ,КМ,Ишимбай (Уфа),Уфа,да,Отключить,,Отключить
КМ,Ремонт кофемашин,БТ,КМ,Йошкар-Ола,Йошкар-Ола,нет,Отключить,,Отключить
КМ,Ремонт кофемашин,БТ,КМ,Калтан (Новокузнецк),Новокузнецк,да,Отключить,,Отключить
КМ,Ремонт кофемашин,БТ,КМ,Камызяк (Астрахань),Астрахань,да,Отключить,,без изменений
КМ,Ремонт кофемашин,БТ,КМ,Кемерово,Кемерово,нет,Отключить,,Отключить
КМ,Ремонт кофемашин,БТ,КМ,Кирово-Чепецк (Киров),Киров,да,Отключить,,Отключить
КМ,Ремонт кофемашин,БТ,КМ,Колпино (Санкт-Петербург),Санкт-Петербург,да,Отключить,,Отключить
КМ,Ремонт кофемашин,БТ,КМ,Копейск (Челябинск),Челябинск,да,Отключить,,Отключить
КМ,Ремонт кофемашин,БТ,КМ,Коркино (Челябинск),Челябинск,да,Отключить,,Отключить
КМ,Ремонт кофемашин,БТ,КМ,Краснодар,Краснодар,нет,Отключить,,Отключить
КМ,Ремонт кофемашин,БТ,КМ,Краснокамск (Пермь),Пермь,да,Отключить,,Отключить
КМ,Ремонт кофемашин,БТ,КМ,Красноярск,Красноярск,нет,Отключить,,Отключить
КМ,Ремонт кофемашин,БТ,КМ,Кстово (Нижний Новгород),Нижний Новгород,да,Отключить,,Отключить
КМ,Ремонт кофемашин,БТ,КМ,Кудрово (Санкт-Петербург),Санкт-Петербург,да,Отключить,,Отключить
КМ,Ремонт кофемашин,БТ,КМ,Курск,Курск,нет,Отключить,,Отключить
КМ,Ремонт кофемашин,БТ,КМ,Липецк,Липецк,нет,Отключить,,без изменений
КМ,Ремонт кофемашин,БТ,КМ,Ломоносов (Санкт-Петербург),Санкт-Петербург,да,Отключить,,Отключить
КМ,Ремонт кофемашин,БТ,КМ,Люберцы (Москва),Москва,да,Отключить,,Отключить
КМ,Ремонт кофемашин,БТ,КМ,Магнитогорск,Магнитогорск,нет,Отключить,,Отключить
КМ,Ремонт кофемашин,БТ,КМ,Менделеевск (Набережные Челны),Набережные Челны,да,Отключить,,Отключить
КМ,Ремонт кофемашин,БТ,КМ,Михайловск (Ставрополь),Ставрополь,да,Отключить,,Отключить
КМ,Ремонт кофемашин,БТ,КМ,Москва,Москва,нет,Отключить,,Отключить
КМ,Ремонт кофемашин,БТ,КМ,Мурино (Санкт-Петербург),Санкт-Петербург,да,Отключить,,Отключить
КМ,Ремонт кофемашин,БТ,КМ,Набережные Челны,Набережные Челны,нет,Отключить,,Отключить
КМ,Ремонт кофемашин,БТ,КМ,Нижнекамск (Набережные Челны),Набережные Челны,да,Отключить,,Отключить
КМ,Ремонт кофемашин,БТ,КМ,Нижний Новгород,Нижний Новгород,нет,Отключить,,Отключить
КМ,Ремонт кофемашин,БТ,КМ,Нижний Тагил,Нижний Тагил,нет,Отключить,,Отключить
КМ,Ремонт кофемашин,БТ,КМ,Новоалтайск (Барнаул),Барнаул,да,Отключить,,Отключить
КМ,Ремонт кофемашин,БТ,КМ,Новокузнецк,Новокузнецк,нет,Отключить,,Отключить
КМ,Ремонт кофемашин,БТ,КМ,Новокуйбышевск (Самара),Самара,да,Отключить,,Отключить
КМ,Ремонт кофемашин,БТ,КМ,Новомосковск (Тула),Тула,да,Отключить,,Отключить
КМ,Ремонт кофемашин,БТ,КМ,Новоульяновск (Ульяновск),Ульяновск,да,Отключить,,Отключить
КМ,Ремонт кофемашин,БТ,КМ,Новочеркасск (Ростов-на-Дону),Ростов-на-Дону,да,Отключить,,Отключить
КМ,Ремонт кофемашин,БТ,КМ,Октябрьск (Сызрань),Сызрань,да,Отключить,,Отключить
КМ,Ремонт кофемашин,БТ,КМ,Омск,Омск,нет,Отключить,,Отключить
КМ,Ремонт кофемашин,БТ,КМ,Орел,Орел,нет,Отключить,,Отключить
КМ,Ремонт кофемашин,БТ,КМ,Осинники (Новокузнецк),Новокузнецк,да,Отключить,,Отключить
КМ,Ремонт кофемашин,БТ,КМ,Павловск (Санкт-Петербург),Санкт-Петербург,да,Отключить,,Отключить
КМ,Ремонт кофемашин,БТ,КМ,Первоуральск (Екатеринбург),Екатеринбург,да,Отключить,,Отключить
КМ,Ремонт кофемашин,БТ,КМ,Пермь,Пермь,нет,Отключить,,Отключить
КМ,Ремонт кофемашин,БТ,КМ,Петергоф (Санкт-Петербург),Санкт-Петербург,да,Отключить,,Отключить
КМ,Ремонт кофемашин,БТ,КМ,Петрозаводск,Петрозаводск,нет,Отключить,,Отключить
КМ,Ремонт кофемашин,БТ,КМ,Прокопьевск (Новокузнецк),Новокузнецк,да,Отключить,,Отключить
КМ,Ремонт кофемашин,БТ,КМ,Пушкин (Санкт-Петербург),Санкт-Петербург,да,Отключить,,Отключить
КМ,Ремонт кофемашин,БТ,КМ,Ростов-на-Дону,Ростов-на-Дону,нет,Отключить,,Отключить
КМ,Ремонт кофемашин,БТ,КМ,Рязань,Рязань,нет,Отключить,,Отключить
КМ,Ремонт кофемашин,БТ,КМ,Саки (Севастополь),Севастополь,да,Отключить,,Отключить
КМ,Ремонт кофемашин,БТ,КМ,Салават (Уфа),Уфа,да,Отключить,,Отключить
КМ,Ремонт кофемашин,БТ,КМ,Самара,Самара,нет,Отключить,,Отключить
КМ,Ремонт кофемашин,БТ,КМ,Санкт-Петербург,Санкт-Петербург,нет,Отключить,,Отключить
КМ,Ремонт кофемашин,БТ,КМ,Саратов,Саратов,нет,Отключить,,Отключить
КМ,Ремонт кофемашин,БТ,КМ,Севастополь,Севастополь,нет,Отключить,,Отключить
КМ,Ремонт кофемашин,БТ,КМ,Семилуки (Воронеж),Воронеж,да,Отключить,,Отключить
КМ,Ремонт кофемашин,БТ,КМ,Сертолово (Санкт-Петербург),Санкт-Петербург,да,Отключить,,Отключить
КМ,Ремонт кофемашин,БТ,КМ,Сестрорецк (Санкт-Петербург),Санкт-Петербург,да,Отключить,,Отключить
КМ,Ремонт кофемашин,БТ,КМ,Симферополь (Севастополь),Севастополь,да,Отключить,,Отключить
КМ,Ремонт кофемашин,БТ,КМ,Смоленск,Смоленск,нет,Отключить,,Отключить
КМ,Ремонт кофемашин,БТ,КМ,Сосновоборск (Красноярск),Красноярск,да,Отключить,,Отключить
КМ,Ремонт кофемашин,БТ,КМ,Среднеуральск (Екатеринбург),Екатеринбург,да,Отключить,,Отключить
КМ,Ремонт кофемашин,БТ,КМ,Ставрополь,Ставрополь,нет,Отключить,,Отключить
КМ,Ремонт кофемашин,БТ,КМ,Стерлитамак,Стерлитамак,нет,Отключить,,Отключить
КМ,Ремонт кофемашин,БТ,КМ,Сургут,Сургут,нет,Отключить,,Отключить
КМ,Ремонт кофемашин,БТ,КМ,Сызрань,Сызрань,нет,Отключить,,Отключить
КМ,Ремонт кофемашин,БТ,КМ,Сыктывкар,Сыктывкар,нет,Отключить,,Отключить
КМ,Ремонт кофемашин,БТ,КМ,Тамбов,Тамбов,нет,Отключить,,Отключить
КМ,Ремонт кофемашин,БТ,КМ,Тверь,Тверь,нет,Отключить,✓,Увеличить
КМ,Ремонт кофемашин,БТ,КМ,Томск,Томск,нет,Отключить,,Отключить
КМ,Ремонт кофемашин,БТ,КМ,Топки (Кемерово),Кемерово,да,Отключить,,Отключить
КМ,Ремонт кофемашин,БТ,КМ,Тула,Тула,нет,Отключить,,Отключить
КМ,Ремонт кофемашин,БТ,КМ,Тутаев (Ярославль),Ярославль,да,Отключить,,Отключить
КМ,Ремонт кофемашин,БТ,КМ,Тюмень,Тюмень,нет,Отключить,,Отключить
КМ,Ремонт кофемашин,БТ,КМ,Ульяновск,Ульяновск,нет,Отключить,,Отключить
КМ,Ремонт кофемашин,БТ,КМ,Усть-Лабинск (Краснодар),Краснодар,да,Отключить,,Отключить
КМ,Ремонт кофемашин,БТ,КМ,Чапаевск (Самара),Самара,да,Отключить,,Отключить
КМ,Ремонт кофемашин,БТ,КМ,Череповец,Череповец,нет,Отключить,,Отключить
КМ,Ремонт кофемашин,БТ,КМ,Шелехов (Иркутск),Иркутск,да,Отключить,,Отключить
КМ,Ремонт кофемашин,БТ,КМ,Щёкино (Тула),Тула,да,Отключить,,Отключить
КМ,Ремонт кофемашин,БТ,КМ,Энгельс (Саратов),Саратов,да,Отключить,,Отключить
КМ,Ремонт кофемашин,БТ,КМ,Ярославль,Ярославль,нет,Отключить,,Отключить
ДЕЗ,Дезинфекция,МНЧ,ДЕЗ,Балашиха (Москва),Москва,да,Увеличить,,Отключить
ДЕЗ,Дезинфекция,МНЧ,ДЕЗ,Люберцы (Москва),Москва,да,Увеличить,,Отключить
ДЕЗ,Дезинфекция,МНЧ,ДЕЗ,Москва,Москва,нет,Увеличить,,Отключить
ДЕЗ,Дезинфекция,МНЧ,ДЕЗ,Сочи,Сочи,нет,Увеличить,✓,Отключить
ДЕЗ,Дезинфекция,МНЧ,ДЕЗ,Адыгейск (Краснодар),Краснодар,да,Отключить,,Отключить
ДЕЗ,Дезинфекция,МНЧ,ДЕЗ,Азов (Ростов-на-Дону),Ростов-на-Дону,да,Отключить,,Отключить
ДЕЗ,Дезинфекция,МНЧ,ДЕЗ,Аксай (Ростов-на-Дону),Ростов-на-Дону,да,Отключить,,Отключить
ДЕЗ,Дезинфекция,МНЧ,ДЕЗ,Ангарск (Иркутск),Иркутск,да,Отключить,,Отключить
ДЕЗ,Дезинфекция,МНЧ,ДЕЗ,Арамиль (Екатеринбург),Екатеринбург,да,Отключить,,Отключить
ДЕЗ,Дезинфекция,МНЧ,ДЕЗ,Архангельск,Архангельск,нет,Отключить,,Отключить
ДЕЗ,Дезинфекция,МНЧ,ДЕЗ,Астрахань,Астрахань,нет,Отключить,,Отключить
ДЕЗ,Дезинфекция,МНЧ,ДЕЗ,Балаклава (Севастополь),Севастополь,да,Отключить,,Отключить
ДЕЗ,Дезинфекция,МНЧ,ДЕЗ,Балахна (Нижний Новгород),Нижний Новгород,да,Отключить,,Отключить
ДЕЗ,Дезинфекция,МНЧ,ДЕЗ,Балтийск (Калининград),Калининград,да,Отключить,,Отключить
ДЕЗ,Дезинфекция,МНЧ,ДЕЗ,Барнаул,Барнаул,нет,Отключить,,Отключить
ДЕЗ,Дезинфекция,МНЧ,ДЕЗ,Батайск (Ростов-на-Дону),Ростов-на-Дону,да,Отключить,,Отключить
ДЕЗ,Дезинфекция,МНЧ,ДЕЗ,Бахчисарай (Севастополь),Севастополь,да,Отключить,,Отключить
ДЕЗ,Дезинфекция,МНЧ,ДЕЗ,Белгород,Белгород,нет,Отключить,,Отключить
ДЕЗ,Дезинфекция,МНЧ,ДЕЗ,Белогорск (Севастополь),Севастополь,да,Отключить,,Отключить
ДЕЗ,Дезинфекция,МНЧ,ДЕЗ,Бердск (Новосибирск),Новосибирск,да,Отключить,,Отключить
ДЕЗ,Дезинфекция,МНЧ,ДЕЗ,Берёзовский (Екатеринбург),Екатеринбург,да,Отключить,,Отключить
ДЕЗ,Дезинфекция,МНЧ,ДЕЗ,Благовещенск (Уфа),Уфа,да,Отключить,,Отключить
ДЕЗ,Дезинфекция,МНЧ,ДЕЗ,Богородск (Нижний Новгород),Нижний Новгород,да,Отключить,,Отключить
ДЕЗ,Дезинфекция,МНЧ,ДЕЗ,Бор (Нижний Новгород),Нижний Новгород,да,Отключить,,Отключить
ДЕЗ,Дезинфекция,МНЧ,ДЕЗ,Брянск,Брянск,нет,Отключить,,Отключить
ДЕЗ,Дезинфекция,МНЧ,ДЕЗ,Бугры (Санкт-Петербург),Санкт-Петербург,да,Отключить,,Отключить
ДЕЗ,Дезинфекция,МНЧ,ДЕЗ,Верхняя Пышма (Екатеринбург),Екатеринбург,да,Отключить,,Отключить
ДЕЗ,Дезинфекция,МНЧ,ДЕЗ,Владимир,Владимир,нет,Отключить,,Отключить
ДЕЗ,Дезинфекция,МНЧ,ДЕЗ,Волгоград,Волгоград,нет,Отключить,,Отключить
ДЕЗ,Дезинфекция,МНЧ,ДЕЗ,Волжск (Казань),Казань,да,Отключить,,Отключить
ДЕЗ,Дезинфекция,МНЧ,ДЕЗ,Волжский (Волгоград),Волгоград,да,Отключить,,Отключить
ДЕЗ,Дезинфекция,МНЧ,ДЕЗ,Вологда,Вологда,нет,Отключить,,Отключить
ДЕЗ,Дезинфекция,МНЧ,ДЕЗ,Воронеж,Воронеж,нет,Отключить,,Отключить
ДЕЗ,Дезинфекция,МНЧ,ДЕЗ,Всеволожск (Санкт-Петербург),Санкт-Петербург,да,Отключить,,Отключить
ДЕЗ,Дезинфекция,МНЧ,ДЕЗ,Гвардейск (Калининград),Калининград,да,Отключить,,Отключить
ДЕЗ,Дезинфекция,МНЧ,ДЕЗ,Грязи (Липецк),Липецк,да,Отключить,,Отключить
ДЕЗ,Дезинфекция,МНЧ,ДЕЗ,Дивногорск (Красноярск),Красноярск,да,Отключить,,Отключить
ДЕЗ,Дезинфекция,МНЧ,ДЕЗ,Евпатория (Севастополь),Севастополь,да,Отключить,,Отключить
ДЕЗ,Дезинфекция,МНЧ,ДЕЗ,Екатеринбург,Екатеринбург,нет,Отключить,,Отключить
ДЕЗ,Дезинфекция,МНЧ,ДЕЗ,Елабуга (Набережные Челны),Набережные Челны,да,Отключить,,Отключить
ДЕЗ,Дезинфекция,МНЧ,ДЕЗ,Жигулёвск (Тольятти),Тольятти,да,Отключить,,Отключить
ДЕЗ,Дезинфекция,МНЧ,ДЕЗ,Зеленоградск (Калининград),Калининград,да,Отключить,,Отключить
ДЕЗ,Дезинфекция,МНЧ,ДЕЗ,Зеленодольск (Казань),Казань,да,Отключить,,Отключить
ДЕЗ,Дезинфекция,МНЧ,ДЕЗ,Иваново,Иваново,нет,Отключить,,Отключить
ДЕЗ,Дезинфекция,МНЧ,ДЕЗ,Ижевск,Ижевск,нет,Отключить,,Отключить
ДЕЗ,Дезинфекция,МНЧ,ДЕЗ,Иркутск,Иркутск,нет,Отключить,,Отключить
ДЕЗ,Дезинфекция,МНЧ,ДЕЗ,Ишимбай (Уфа),Уфа,да,Отключить,,Отключить
ДЕЗ,Дезинфекция,МНЧ,ДЕЗ,Йошкар-Ола,Йошкар-Ола,нет,Отключить,,Отключить
ДЕЗ,Дезинфекция,МНЧ,ДЕЗ,Казань,Казань,нет,Отключить,,Отключить
ДЕЗ,Дезинфекция,МНЧ,ДЕЗ,Калининград,Калининград,нет,Отключить,,Отключить
ДЕЗ,Дезинфекция,МНЧ,ДЕЗ,Калтан (Новокузнецк),Новокузнецк,да,Отключить,,Отключить
ДЕЗ,Дезинфекция,МНЧ,ДЕЗ,Калуга,Калуга,нет,Отключить,,Отключить
ДЕЗ,Дезинфекция,МНЧ,ДЕЗ,Камызяк (Астрахань),Астрахань,да,Отключить,,Отключить
ДЕЗ,Дезинфекция,МНЧ,ДЕЗ,Кемерово,Кемерово,нет,Отключить,,Отключить
ДЕЗ,Дезинфекция,МНЧ,ДЕЗ,Киров,Киров,нет,Отключить,,Отключить
ДЕЗ,Дезинфекция,МНЧ,ДЕЗ,Кирово-Чепецк (Киров),Киров,да,Отключить,,Отключить
ДЕЗ,Дезинфекция,МНЧ,ДЕЗ,Колпино (Санкт-Петербург),Санкт-Петербург,да,Отключить,,Отключить
ДЕЗ,Дезинфекция,МНЧ,ДЕЗ,Копейск (Челябинск),Челябинск,да,Отключить,,Отключить
ДЕЗ,Дезинфекция,МНЧ,ДЕЗ,Коркино (Челябинск),Челябинск,да,Отключить,,Отключить
ДЕЗ,Дезинфекция,МНЧ,ДЕЗ,Кострома,Кострома,нет,Отключить,,Отключить
ДЕЗ,Дезинфекция,МНЧ,ДЕЗ,Краснодар,Краснодар,нет,Отключить,,Отключить
ДЕЗ,Дезинфекция,МНЧ,ДЕЗ,Краснокамск (Пермь),Пермь,да,Отключить,,Отключить
ДЕЗ,Дезинфекция,МНЧ,ДЕЗ,Красноярск,Красноярск,нет,Отключить,,Отключить
ДЕЗ,Дезинфекция,МНЧ,ДЕЗ,Кстово (Нижний Новгород),Нижний Новгород,да,Отключить,,Отключить
ДЕЗ,Дезинфекция,МНЧ,ДЕЗ,Кудрово (Санкт-Петербург),Санкт-Петербург,да,Отключить,,Отключить
ДЕЗ,Дезинфекция,МНЧ,ДЕЗ,Курск,Курск,нет,Отключить,,Отключить
ДЕЗ,Дезинфекция,МНЧ,ДЕЗ,Липецк,Липецк,нет,Отключить,,Отключить
ДЕЗ,Дезинфекция,МНЧ,ДЕЗ,Ломоносов (Санкт-Петербург),Санкт-Петербург,да,Отключить,,Отключить
ДЕЗ,Дезинфекция,МНЧ,ДЕЗ,Магнитогорск,Магнитогорск,нет,Отключить,,Отключить
ДЕЗ,Дезинфекция,МНЧ,ДЕЗ,Менделеевск (Набережные Челны),Набережные Челны,да,Отключить,,Отключить
ДЕЗ,Дезинфекция,МНЧ,ДЕЗ,Михайловск (Ставрополь),Ставрополь,да,Отключить,,Отключить
ДЕЗ,Дезинфекция,МНЧ,ДЕЗ,Мурино (Санкт-Петербург),Санкт-Петербург,да,Отключить,,Отключить
ДЕЗ,Дезинфекция,МНЧ,ДЕЗ,Мурманск,Мурманск,нет,Отключить,,Отключить
ДЕЗ,Дезинфекция,МНЧ,ДЕЗ,Набережные Челны,Набережные Челны,нет,Отключить,,Отключить
ДЕЗ,Дезинфекция,МНЧ,ДЕЗ,Нижнекамск (Набережные Челны),Набережные Челны,да,Отключить,,Отключить
ДЕЗ,Дезинфекция,МНЧ,ДЕЗ,Нижний Новгород,Нижний Новгород,нет,Отключить,,Отключить
ДЕЗ,Дезинфекция,МНЧ,ДЕЗ,Нижний Тагил,Нижний Тагил,нет,Отключить,,Отключить
ДЕЗ,Дезинфекция,МНЧ,ДЕЗ,Новоалтайск (Барнаул),Барнаул,да,Отключить,,Отключить
ДЕЗ,Дезинфекция,МНЧ,ДЕЗ,Новокузнецк,Новокузнецк,нет,Отключить,,Отключить
ДЕЗ,Дезинфекция,МНЧ,ДЕЗ,Новокуйбышевск (Самара),Самара,да,Отключить,,Отключить
ДЕЗ,Дезинфекция,МНЧ,ДЕЗ,Новомосковск (Тула),Тула,да,Отключить,,Отключить
ДЕЗ,Дезинфекция,МНЧ,ДЕЗ,Новосибирск,Новосибирск,нет,Отключить,,Отключить
ДЕЗ,Дезинфекция,МНЧ,ДЕЗ,Новоульяновск (Ульяновск),Ульяновск,да,Отключить,,Отключить
ДЕЗ,Дезинфекция,МНЧ,ДЕЗ,Новочебоксарск (Чебоксары),Чебоксары,да,Отключить,,Отключить
ДЕЗ,Дезинфекция,МНЧ,ДЕЗ,Новочеркасск (Ростов-на-Дону),Ростов-на-Дону,да,Отключить,,Отключить
ДЕЗ,Дезинфекция,МНЧ,ДЕЗ,Октябрьск (Сызрань),Сызрань,да,Отключить,,Отключить
ДЕЗ,Дезинфекция,МНЧ,ДЕЗ,Омск,Омск,нет,Отключить,,Отключить
ДЕЗ,Дезинфекция,МНЧ,ДЕЗ,Орел,Орел,нет,Отключить,,Отключить
ДЕЗ,Дезинфекция,МНЧ,ДЕЗ,Оренбург,Оренбург,нет,Отключить,,Отключить
ДЕЗ,Дезинфекция,МНЧ,ДЕЗ,Осинники (Новокузнецк),Новокузнецк,да,Отключить,,Отключить
ДЕЗ,Дезинфекция,МНЧ,ДЕЗ,Павловск (Санкт-Петербург),Санкт-Петербург,да,Отключить,,Отключить
ДЕЗ,Дезинфекция,МНЧ,ДЕЗ,Первоуральск (Екатеринбург),Екатеринбург,да,Отключить,,Отключить
ДЕЗ,Дезинфекция,МНЧ,ДЕЗ,Пермь,Пермь,нет,Отключить,,Отключить
ДЕЗ,Дезинфекция,МНЧ,ДЕЗ,Петергоф (Санкт-Петербург),Санкт-Петербург,да,Отключить,,Отключить
ДЕЗ,Дезинфекция,МНЧ,ДЕЗ,Петрозаводск,Петрозаводск,нет,Отключить,,Отключить
ДЕЗ,Дезинфекция,МНЧ,ДЕЗ,Прокопьевск (Новокузнецк),Новокузнецк,да,Отключить,,Отключить
ДЕЗ,Дезинфекция,МНЧ,ДЕЗ,Пушкин (Санкт-Петербург),Санкт-Петербург,да,Отключить,,Отключить
ДЕЗ,Дезинфекция,МНЧ,ДЕЗ,Ростов-на-Дону,Ростов-на-Дону,нет,Отключить,,Отключить
ДЕЗ,Дезинфекция,МНЧ,ДЕЗ,Рязань,Рязань,нет,Отключить,,Отключить
ДЕЗ,Дезинфекция,МНЧ,ДЕЗ,Саки (Севастополь),Севастополь,да,Отключить,,Отключить
ДЕЗ,Дезинфекция,МНЧ,ДЕЗ,Салават (Уфа),Уфа,да,Отключить,,Отключить
ДЕЗ,Дезинфекция,МНЧ,ДЕЗ,Самара,Самара,нет,Отключить,,Отключить
ДЕЗ,Дезинфекция,МНЧ,ДЕЗ,Санкт-Петербург,Санкт-Петербург,нет,Отключить,,Отключить
ДЕЗ,Дезинфекция,МНЧ,ДЕЗ,Саратов,Саратов,нет,Отключить,,Отключить
ДЕЗ,Дезинфекция,МНЧ,ДЕЗ,Светлогорск (Калининград),Калининград,да,Отключить,,Отключить
ДЕЗ,Дезинфекция,МНЧ,ДЕЗ,Светлый (Калининград),Калининград,да,Отключить,,Отключить
ДЕЗ,Дезинфекция,МНЧ,ДЕЗ,Севастополь,Севастополь,нет,Отключить,,Отключить
ДЕЗ,Дезинфекция,МНЧ,ДЕЗ,Семилуки (Воронеж),Воронеж,да,Отключить,,Отключить
ДЕЗ,Дезинфекция,МНЧ,ДЕЗ,Сертолово (Санкт-Петербург),Санкт-Петербург,да,Отключить,,Отключить
ДЕЗ,Дезинфекция,МНЧ,ДЕЗ,Сестрорецк (Санкт-Петербург),Санкт-Петербург,да,Отключить,,Отключить
ДЕЗ,Дезинфекция,МНЧ,ДЕЗ,Симферополь (Севастополь),Севастополь,да,Отключить,,Отключить
ДЕЗ,Дезинфекция,МНЧ,ДЕЗ,Смоленск,Смоленск,нет,Отключить,,Отключить
ДЕЗ,Дезинфекция,МНЧ,ДЕЗ,Сосновоборск (Красноярск),Красноярск,да,Отключить,,Отключить
ДЕЗ,Дезинфекция,МНЧ,ДЕЗ,Среднеуральск (Екатеринбург),Екатеринбург,да,Отключить,,Отключить
ДЕЗ,Дезинфекция,МНЧ,ДЕЗ,Ставрополь,Ставрополь,нет,Отключить,,Отключить
ДЕЗ,Дезинфекция,МНЧ,ДЕЗ,Стерлитамак,Стерлитамак,нет,Отключить,,Отключить
ДЕЗ,Дезинфекция,МНЧ,ДЕЗ,Сургут,Сургут,нет,Отключить,,Отключить
ДЕЗ,Дезинфекция,МНЧ,ДЕЗ,Сызрань,Сызрань,нет,Отключить,,Отключить
ДЕЗ,Дезинфекция,МНЧ,ДЕЗ,Сыктывкар,Сыктывкар,нет,Отключить,,Отключить
ДЕЗ,Дезинфекция,МНЧ,ДЕЗ,Таганрог,Таганрог,нет,Отключить,,Отключить
ДЕЗ,Дезинфекция,МНЧ,ДЕЗ,Тамбов,Тамбов,нет,Отключить,,Отключить
ДЕЗ,Дезинфекция,МНЧ,ДЕЗ,Тверь,Тверь,нет,Отключить,,Отключить
ДЕЗ,Дезинфекция,МНЧ,ДЕЗ,Тольятти,Тольятти,нет,Отключить,,Отключить
ДЕЗ,Дезинфекция,МНЧ,ДЕЗ,Томск,Томск,нет,Отключить,,Отключить
ДЕЗ,Дезинфекция,МНЧ,ДЕЗ,Топки (Кемерово),Кемерово,да,Отключить,,Отключить
ДЕЗ,Дезинфекция,МНЧ,ДЕЗ,Тула,Тула,нет,Отключить,,Отключить
ДЕЗ,Дезинфекция,МНЧ,ДЕЗ,Тутаев (Ярославль),Ярославль,да,Отключить,,Отключить
ДЕЗ,Дезинфекция,МНЧ,ДЕЗ,Тюмень,Тюмень,нет,Отключить,,Отключить
ДЕЗ,Дезинфекция,МНЧ,ДЕЗ,Ульяновск,Ульяновск,нет,Отключить,,Отключить
ДЕЗ,Дезинфекция,МНЧ,ДЕЗ,Усть-Лабинск (Краснодар),Краснодар,да,Отключить,,Отключить
ДЕЗ,Дезинфекция,МНЧ,ДЕЗ,Уфа,Уфа,нет,Отключить,,Отключить
ДЕЗ,Дезинфекция,МНЧ,ДЕЗ,Цивильск (Чебоксары),Чебоксары,да,Отключить,,Отключить
ДЕЗ,Дезинфекция,МНЧ,ДЕЗ,Чапаевск (Самара),Самара,да,Отключить,,Отключить
ДЕЗ,Дезинфекция,МНЧ,ДЕЗ,Чебоксары,Чебоксары,нет,Отключить,,Отключить
ДЕЗ,Дезинфекция,МНЧ,ДЕЗ,Челябинск,Челябинск,нет,Отключить,,Отключить
ДЕЗ,Дезинфекция,МНЧ,ДЕЗ,Череповец,Череповец,нет,Отключить,,Отключить
ДЕЗ,Дезинфекция,МНЧ,ДЕЗ,Шелехов (Иркутск),Иркутск,да,Отключить,,Отключить
ДЕЗ,Дезинфекция,МНЧ,ДЕЗ,Щёкино (Тула),Тула,да,Отключить,,Отключить
ДЕЗ,Дезинфекция,МНЧ,ДЕЗ,Энгельс (Саратов),Саратов,да,Отключить,,Отключить
ДЕЗ,Дезинфекция,МНЧ,ДЕЗ,Ярославль,Ярославль,нет,Отключить,,Отключить
ЭЛ,Услуги электрика,МНЧ,ЭЛ,Адыгейск (Краснодар),Краснодар,да,Увеличить,,Отключить
ЭЛ,Услуги электрика,МНЧ,ЭЛ,Белгород,Белгород,нет,Увеличить,,без изменений
ЭЛ,Услуги электрика,МНЧ,ЭЛ,Воронеж,Воронеж,нет,Увеличить,,Отключить
ЭЛ,Услуги электрика,МНЧ,ЭЛ,Жигулёвск (Тольятти),Тольятти,да,Увеличить,,Отключить
ЭЛ,Услуги электрика,МНЧ,ЭЛ,Ижевск,Ижевск,нет,Увеличить,,Отключить
ЭЛ,Услуги электрика,МНЧ,ЭЛ,Йошкар-Ола,Йошкар-Ола,нет,Увеличить,,Отключить
ЭЛ,Услуги электрика,МНЧ,ЭЛ,Калининград,Калининград,нет,Увеличить,,Отключить
ЭЛ,Услуги электрика,МНЧ,ЭЛ,Кемерово,Кемерово,нет,Увеличить,,Отключить
ЭЛ,Услуги электрика,МНЧ,ЭЛ,Киров,Киров,нет,Увеличить,,Отключить
ЭЛ,Услуги электрика,МНЧ,ЭЛ,Кирово-Чепецк (Киров),Киров,да,Увеличить,,Отключить
ЭЛ,Услуги электрика,МНЧ,ЭЛ,Краснодар,Краснодар,нет,Увеличить,,Отключить
ЭЛ,Услуги электрика,МНЧ,ЭЛ,Магнитогорск,Магнитогорск,нет,Увеличить,,без изменений
ЭЛ,Услуги электрика,МНЧ,ЭЛ,Михайловск (Ставрополь),Ставрополь,да,Увеличить,,Отключить
ЭЛ,Услуги электрика,МНЧ,ЭЛ,Набережные Челны,Набережные Челны,нет,Увеличить,,без изменений
ЭЛ,Услуги электрика,МНЧ,ЭЛ,Нижний Новгород,Нижний Новгород,нет,Увеличить,,Отключить
ЭЛ,Услуги электрика,МНЧ,ЭЛ,Нижний Тагил,Нижний Тагил,нет,Увеличить,✓,без изменений
ЭЛ,Услуги электрика,МНЧ,ЭЛ,Новокуйбышевск (Самара),Самара,да,Увеличить,,Отключить
ЭЛ,Услуги электрика,МНЧ,ЭЛ,Новоульяновск (Ульяновск),Ульяновск,да,Увеличить,,без изменений
ЭЛ,Услуги электрика,МНЧ,ЭЛ,Новочебоксарск (Чебоксары),Чебоксары,да,Увеличить,,Отключить
ЭЛ,Услуги электрика,МНЧ,ЭЛ,Орел,Орел,нет,Увеличить,,без изменений
ЭЛ,Услуги электрика,МНЧ,ЭЛ,Оренбург,Оренбург,нет,Увеличить,,без изменений
ЭЛ,Услуги электрика,МНЧ,ЭЛ,Пермь,Пермь,нет,Увеличить,,без изменений
ЭЛ,Услуги электрика,МНЧ,ЭЛ,Самара,Самара,нет,Увеличить,,Отключить
ЭЛ,Услуги электрика,МНЧ,ЭЛ,Саратов,Саратов,нет,Увеличить,,без изменений
ЭЛ,Услуги электрика,МНЧ,ЭЛ,Семилуки (Воронеж),Воронеж,да,Увеличить,✓,Отключить
ЭЛ,Услуги электрика,МНЧ,ЭЛ,Сочи,Сочи,нет,Увеличить,,без изменений
ЭЛ,Услуги электрика,МНЧ,ЭЛ,Ставрополь,Ставрополь,нет,Увеличить,,Отключить
ЭЛ,Услуги электрика,МНЧ,ЭЛ,Стерлитамак,Стерлитамак,нет,Увеличить,,Отключить
ЭЛ,Услуги электрика,МНЧ,ЭЛ,Сыктывкар,Сыктывкар,нет,Увеличить,,Отключить
ЭЛ,Услуги электрика,МНЧ,ЭЛ,Тверь,Тверь,нет,Увеличить,,Отключить
ЭЛ,Услуги электрика,МНЧ,ЭЛ,Тольятти,Тольятти,нет,Увеличить,,Отключить
ЭЛ,Услуги электрика,МНЧ,ЭЛ,Тюмень,Тюмень,нет,Увеличить,,без изменений
ЭЛ,Услуги электрика,МНЧ,ЭЛ,Ульяновск,Ульяновск,нет,Увеличить,,без изменений
ЭЛ,Услуги электрика,МНЧ,ЭЛ,Уфа,Уфа,нет,Увеличить,,Отключить
ЭЛ,Услуги электрика,МНЧ,ЭЛ,Цивильск (Чебоксары),Чебоксары,да,Увеличить,,Отключить
ЭЛ,Услуги электрика,МНЧ,ЭЛ,Чапаевск (Самара),Самара,да,Увеличить,,Отключить
ЭЛ,Услуги электрика,МНЧ,ЭЛ,Чебоксары,Чебоксары,нет,Увеличить,,без изменений
ЭЛ,Услуги электрика,МНЧ,ЭЛ,Челябинск,Челябинск,нет,Увеличить,,Отключить
ЭЛ,Услуги электрика,МНЧ,ЭЛ,Энгельс (Саратов),Саратов,да,Увеличить,,без изменений
ЭЛ,Услуги электрика,МНЧ,ЭЛ,Астрахань,Астрахань,нет,без изменений,,Увеличить
ЭЛ,Услуги электрика,МНЧ,ЭЛ,Брянск,Брянск,нет,без изменений,,Отключить
ЭЛ,Услуги электрика,МНЧ,ЭЛ,Екатеринбург,Екатеринбург,нет,без изменений,,Увеличить
ЭЛ,Услуги электрика,МНЧ,ЭЛ,Калуга,Калуга,нет,без изменений,,Отключить
ЭЛ,Услуги электрика,МНЧ,ЭЛ,Кострома,Кострома,нет,без изменений,,Отключить
ЭЛ,Услуги электрика,МНЧ,ЭЛ,Курган (Челябинск),Челябинск,да,без изменений,,Отключить
ЭЛ,Услуги электрика,МНЧ,ЭЛ,Петрозаводск,Петрозаводск,нет,без изменений,,Увеличить
ЭЛ,Услуги электрика,МНЧ,ЭЛ,Севастополь,Севастополь,нет,без изменений,,Отключить
ЭЛ,Услуги электрика,МНЧ,ЭЛ,Симферополь (Севастополь),Севастополь,да,без изменений,,Отключить
ЭЛ,Услуги электрика,МНЧ,ЭЛ,Смоленск,Смоленск,нет,без изменений,,Отключить
ЭЛ,Услуги электрика,МНЧ,ЭЛ,Томск,Томск,нет,без изменений,,Отключить
ЭЛ,Услуги электрика,МНЧ,ЭЛ,Азов (Ростов-на-Дону),Ростов-на-Дону,да,Отключить,,Отключить
ЭЛ,Услуги электрика,МНЧ,ЭЛ,Аксай (Ростов-на-Дону),Ростов-на-Дону,да,Отключить,,Отключить
ЭЛ,Услуги электрика,МНЧ,ЭЛ,Ангарск (Иркутск),Иркутск,да,Отключить,,Отключить
ЭЛ,Услуги электрика,МНЧ,ЭЛ,Арамиль (Екатеринбург),Екатеринбург,да,Отключить,,Отключить
ЭЛ,Услуги электрика,МНЧ,ЭЛ,Архангельск,Архангельск,нет,Отключить,,Отключить
ЭЛ,Услуги электрика,МНЧ,ЭЛ,Балаклава (Севастополь),Севастополь,да,Отключить,,Отключить
ЭЛ,Услуги электрика,МНЧ,ЭЛ,Балаково (Саратов),Саратов,да,Отключить,,Отключить
ЭЛ,Услуги электрика,МНЧ,ЭЛ,Балахна (Нижний Новгород),Нижний Новгород,да,Отключить,,Увеличить
ЭЛ,Услуги электрика,МНЧ,ЭЛ,Балашиха (Москва),Москва,да,Отключить,,Отключить
ЭЛ,Услуги электрика,МНЧ,ЭЛ,Балтийск (Калининград),Калининград,да,Отключить,,Отключить
ЭЛ,Услуги электрика,МНЧ,ЭЛ,Барнаул,Барнаул,нет,Отключить,,Отключить
ЭЛ,Услуги электрика,МНЧ,ЭЛ,Батайск (Ростов-на-Дону),Ростов-на-Дону,да,Отключить,,Отключить
ЭЛ,Услуги электрика,МНЧ,ЭЛ,Бахчисарай (Севастополь),Севастополь,да,Отключить,,Отключить
ЭЛ,Услуги электрика,МНЧ,ЭЛ,Белогорск (Севастополь),Севастополь,да,Отключить,,Отключить
ЭЛ,Услуги электрика,МНЧ,ЭЛ,Бердск (Новосибирск),Новосибирск,да,Отключить,,Отключить
ЭЛ,Услуги электрика,МНЧ,ЭЛ,Берёзовский (Екатеринбург),Екатеринбург,да,Отключить,,Отключить
ЭЛ,Услуги электрика,МНЧ,ЭЛ,Благовещенск (Уфа),Уфа,да,Отключить,,Отключить
ЭЛ,Услуги электрика,МНЧ,ЭЛ,Богородск (Нижний Новгород),Нижний Новгород,да,Отключить,,Увеличить
ЭЛ,Услуги электрика,МНЧ,ЭЛ,Бор (Нижний Новгород),Нижний Новгород,да,Отключить,,Увеличить
ЭЛ,Услуги электрика,МНЧ,ЭЛ,Бугры (Санкт-Петербург),Санкт-Петербург,да,Отключить,,Отключить
ЭЛ,Услуги электрика,МНЧ,ЭЛ,Верхняя Пышма (Екатеринбург),Екатеринбург,да,Отключить,,Отключить
ЭЛ,Услуги электрика,МНЧ,ЭЛ,Владимир,Владимир,нет,Отключить,,Отключить
ЭЛ,Услуги электрика,МНЧ,ЭЛ,Волгоград,Волгоград,нет,Отключить,✓,без изменений
ЭЛ,Услуги электрика,МНЧ,ЭЛ,Волжск (Казань),Казань,да,Отключить,✓,без изменений
ЭЛ,Услуги электрика,МНЧ,ЭЛ,Волжский (Волгоград),Волгоград,да,Отключить,,Увеличить
ЭЛ,Услуги электрика,МНЧ,ЭЛ,Вологда,Вологда,нет,Отключить,,Отключить
ЭЛ,Услуги электрика,МНЧ,ЭЛ,Всеволожск (Санкт-Петербург),Санкт-Петербург,да,Отключить,,Отключить
ЭЛ,Услуги электрика,МНЧ,ЭЛ,Гвардейск (Калининград),Калининград,да,Отключить,,Отключить
ЭЛ,Услуги электрика,МНЧ,ЭЛ,Грязи (Липецк),Липецк,да,Отключить,,Отключить
ЭЛ,Услуги электрика,МНЧ,ЭЛ,Дзержинск (Нижний Новгород),Нижний Новгород,да,Отключить,,Увеличить
ЭЛ,Услуги электрика,МНЧ,ЭЛ,Дивногорск (Красноярск),Красноярск,да,Отключить,,Отключить
ЭЛ,Услуги электрика,МНЧ,ЭЛ,Евпатория (Севастополь),Севастополь,да,Отключить,,Отключить
ЭЛ,Услуги электрика,МНЧ,ЭЛ,Елабуга (Набережные Челны),Набережные Челны,да,Отключить,,Отключить
ЭЛ,Услуги электрика,МНЧ,ЭЛ,Зеленоградск (Калининград),Калининград,да,Отключить,,Отключить
ЭЛ,Услуги электрика,МНЧ,ЭЛ,Зеленодольск (Казань),Казань,да,Отключить,✓,без изменений
ЭЛ,Услуги электрика,МНЧ,ЭЛ,Иваново,Иваново,нет,Отключить,,Отключить
ЭЛ,Услуги электрика,МНЧ,ЭЛ,Иркутск,Иркутск,нет,Отключить,,Отключить
ЭЛ,Услуги электрика,МНЧ,ЭЛ,Ишимбай (Стерлитамак),Стерлитамак,да,Отключить,,Отключить
ЭЛ,Услуги электрика,МНЧ,ЭЛ,Казань,Казань,нет,Отключить,✓,без изменений
ЭЛ,Услуги электрика,МНЧ,ЭЛ,Калтан (Новокузнецк),Новокузнецк,да,Отключить,,Отключить
ЭЛ,Услуги электрика,МНЧ,ЭЛ,Камызяк (Астрахань),Астрахань,да,Отключить,,Отключить
ЭЛ,Услуги электрика,МНЧ,ЭЛ,Колпино (Санкт-Петербург),Санкт-Петербург,да,Отключить,,Отключить
ЭЛ,Услуги электрика,МНЧ,ЭЛ,Копейск (Челябинск),Челябинск,да,Отключить,,Отключить
ЭЛ,Услуги электрика,МНЧ,ЭЛ,Коркино (Челябинск),Челябинск,да,Отключить,,Отключить
ЭЛ,Услуги электрика,МНЧ,ЭЛ,Краснокамск (Пермь),Пермь,да,Отключить,,Отключить
ЭЛ,Услуги электрика,МНЧ,ЭЛ,Красноярск,Красноярск,нет,Отключить,,Отключить
ЭЛ,Услуги электрика,МНЧ,ЭЛ,Кстово (Нижний Новгород),Нижний Новгород,да,Отключить,,Увеличить
ЭЛ,Услуги электрика,МНЧ,ЭЛ,Кудрово (Санкт-Петербург),Санкт-Петербург,да,Отключить,,Отключить
ЭЛ,Услуги электрика,МНЧ,ЭЛ,Курск,Курск,нет,Отключить,,без изменений
ЭЛ,Услуги электрика,МНЧ,ЭЛ,Липецк,Липецк,нет,Отключить,,Отключить
ЭЛ,Услуги электрика,МНЧ,ЭЛ,Лихославль (Тверь),Тверь,да,Отключить,,Отключить
ЭЛ,Услуги электрика,МНЧ,ЭЛ,Ломоносов (Санкт-Петербург),Санкт-Петербург,да,Отключить,,Отключить
ЭЛ,Услуги электрика,МНЧ,ЭЛ,Люберцы (Москва),Москва,да,Отключить,,Отключить
ЭЛ,Услуги электрика,МНЧ,ЭЛ,Менделеевск (Набережные Челны),Набережные Челны,да,Отключить,,Отключить
ЭЛ,Услуги электрика,МНЧ,ЭЛ,Москва,Москва,нет,Отключить,,без изменений
ЭЛ,Услуги электрика,МНЧ,ЭЛ,Мурино (Санкт-Петербург),Санкт-Петербург,да,Отключить,,Отключить
ЭЛ,Услуги электрика,МНЧ,ЭЛ,Нижнекамск (Набережные Челны),Набережные Челны,да,Отключить,,без изменений
ЭЛ,Услуги электрика,МНЧ,ЭЛ,Новоалтайск (Барнаул),Барнаул,да,Отключить,,Отключить
ЭЛ,Услуги электрика,МНЧ,ЭЛ,Новокузнецк,Новокузнецк,нет,Отключить,,без изменений
ЭЛ,Услуги электрика,МНЧ,ЭЛ,Новомосковск (Тула),Тула,да,Отключить,,Отключить
ЭЛ,Услуги электрика,МНЧ,ЭЛ,Новосибирск,Новосибирск,нет,Отключить,,без изменений
ЭЛ,Услуги электрика,МНЧ,ЭЛ,Новочеркасск (Ростов-на-Дону),Ростов-на-Дону,да,Отключить,,Отключить
ЭЛ,Услуги электрика,МНЧ,ЭЛ,Октябрьск (Сызрань),Сызрань,да,Отключить,,Отключить
ЭЛ,Услуги электрика,МНЧ,ЭЛ,Омск,Омск,нет,Отключить,,без изменений
ЭЛ,Услуги электрика,МНЧ,ЭЛ,Осинники (Новокузнецк),Новокузнецк,да,Отключить,,Отключить
ЭЛ,Услуги электрика,МНЧ,ЭЛ,Павловск (Санкт-Петербург),Санкт-Петербург,да,Отключить,,Отключить
ЭЛ,Услуги электрика,МНЧ,ЭЛ,Первоуральск (Екатеринбург),Екатеринбург,да,Отключить,,Отключить
ЭЛ,Услуги электрика,МНЧ,ЭЛ,Петергоф (Санкт-Петербург),Санкт-Петербург,да,Отключить,,Отключить
ЭЛ,Услуги электрика,МНЧ,ЭЛ,Прокопьевск (Новокузнецк),Новокузнецк,да,Отключить,,Отключить
ЭЛ,Услуги электрика,МНЧ,ЭЛ,Пушкин (Санкт-Петербург),Санкт-Петербург,да,Отключить,,Отключить
ЭЛ,Услуги электрика,МНЧ,ЭЛ,Ростов-на-Дону,Ростов-на-Дону,нет,Отключить,,Отключить
ЭЛ,Услуги электрика,МНЧ,ЭЛ,Рыбное (Рязань),Рязань,да,Отключить,,Отключить
ЭЛ,Услуги электрика,МНЧ,ЭЛ,Рязань,Рязань,нет,Отключить,✓,без изменений
ЭЛ,Услуги электрика,МНЧ,ЭЛ,Саки (Севастополь),Севастополь,да,Отключить,,Отключить
ЭЛ,Услуги электрика,МНЧ,ЭЛ,Салават (Стерлитамак),Стерлитамак,да,Отключить,,Отключить
ЭЛ,Услуги электрика,МНЧ,ЭЛ,Санкт-Петербург,Санкт-Петербург,нет,Отключить,✓,без изменений
ЭЛ,Услуги электрика,МНЧ,ЭЛ,Светлогорск (Калининград),Калининград,да,Отключить,,Отключить
ЭЛ,Услуги электрика,МНЧ,ЭЛ,Светлый (Калининград),Калининград,да,Отключить,,Отключить
ЭЛ,Услуги электрика,МНЧ,ЭЛ,Сертолово (Санкт-Петербург),Санкт-Петербург,да,Отключить,,Отключить
ЭЛ,Услуги электрика,МНЧ,ЭЛ,Сестрорецк (Санкт-Петербург),Санкт-Петербург,да,Отключить,,Отключить
ЭЛ,Услуги электрика,МНЧ,ЭЛ,Сосновоборск (Красноярск),Красноярск,да,Отключить,,Отключить
ЭЛ,Услуги электрика,МНЧ,ЭЛ,Среднеуральск (Екатеринбург),Екатеринбург,да,Отключить,,Отключить
ЭЛ,Услуги электрика,МНЧ,ЭЛ,Сургут,Сургут,нет,Отключить,✓,без изменений
ЭЛ,Услуги электрика,МНЧ,ЭЛ,Сызрань,Сызрань,нет,Отключить,,Отключить
ЭЛ,Услуги электрика,МНЧ,ЭЛ,Таганрог,Таганрог,нет,Отключить,,Отключить
ЭЛ,Услуги электрика,МНЧ,ЭЛ,Тамбов,Тамбов,нет,Отключить,,Отключить
ЭЛ,Услуги электрика,МНЧ,ЭЛ,Топки (Кемерово),Кемерово,да,Отключить,,Отключить
ЭЛ,Услуги электрика,МНЧ,ЭЛ,Тула,Тула,нет,Отключить,,Увеличить
ЭЛ,Услуги электрика,МНЧ,ЭЛ,Тутаев (Ярославль),Ярославль,да,Отключить,,Отключить
ЭЛ,Услуги электрика,МНЧ,ЭЛ,Улан-Удэ,Улан-Удэ,нет,Отключить,,Отключить
ЭЛ,Услуги электрика,МНЧ,ЭЛ,Усть-Лабинск (Краснодар),Краснодар,да,Отключить,,Отключить
ЭЛ,Услуги электрика,МНЧ,ЭЛ,Череповец,Череповец,нет,Отключить,,Отключить
ЭЛ,Услуги электрика,МНЧ,ЭЛ,Шелехов (Иркутск),Иркутск,да,Отключить,,Отключить
ЭЛ,Услуги электрика,МНЧ,ЭЛ,Щёкино (Тула),Тула,да,Отключить,,Отключить
ЭЛ,Услуги электрика,МНЧ,ЭЛ,Ярославль,Ярославль,нет,Отключить,,Увеличить
САН,Услуги сантехника,МНЧ,САН,Адыгейск (Краснодар),Краснодар,да,Увеличить,,Отключить
САН,Услуги сантехника,МНЧ,САН,Белгород,Белгород,нет,Увеличить,,без изменений
САН,Услуги сантехника,МНЧ,САН,Воронеж,Воронеж,нет,Увеличить,,Отключить
САН,Услуги сантехника,МНЧ,САН,Жигулёвск (Тольятти),Тольятти,да,Увеличить,,Отключить
САН,Услуги сантехника,МНЧ,САН,Ижевск,Ижевск,нет,Увеличить,,Отключить
САН,Услуги сантехника,МНЧ,САН,Йошкар-Ола,Йошкар-Ола,нет,Увеличить,,Отключить
САН,Услуги сантехника,МНЧ,САН,Калининград,Калининград,нет,Увеличить,,Отключить
САН,Услуги сантехника,МНЧ,САН,Кемерово,Кемерово,нет,Увеличить,,Отключить
САН,Услуги сантехника,МНЧ,САН,Киров,Киров,нет,Увеличить,,Отключить
САН,Услуги сантехника,МНЧ,САН,Кирово-Чепецк (Киров),Киров,да,Увеличить,,Отключить
САН,Услуги сантехника,МНЧ,САН,Краснодар,Краснодар,нет,Увеличить,,Отключить
САН,Услуги сантехника,МНЧ,САН,Магнитогорск,Магнитогорск,нет,Увеличить,,без изменений
САН,Услуги сантехника,МНЧ,САН,Михайловск (Ставрополь),Ставрополь,да,Увеличить,,Отключить
САН,Услуги сантехника,МНЧ,САН,Набережные Челны,Набережные Челны,нет,Увеличить,,без изменений
САН,Услуги сантехника,МНЧ,САН,Нижний Новгород,Нижний Новгород,нет,Увеличить,,Отключить
САН,Услуги сантехника,МНЧ,САН,Новокуйбышевск (Самара),Самара,да,Увеличить,,Отключить
САН,Услуги сантехника,МНЧ,САН,Новоульяновск (Ульяновск),Ульяновск,да,Увеличить,,без изменений
САН,Услуги сантехника,МНЧ,САН,Новочебоксарск (Чебоксары),Чебоксары,да,Увеличить,,Отключить
САН,Услуги сантехника,МНЧ,САН,Орел,Орел,нет,Увеличить,,без изменений
САН,Услуги сантехника,МНЧ,САН,Оренбург,Оренбург,нет,Увеличить,,без изменений
САН,Услуги сантехника,МНЧ,САН,Пермь,Пермь,нет,Увеличить,,без изменений
САН,Услуги сантехника,МНЧ,САН,Самара,Самара,нет,Увеличить,,Отключить
САН,Услуги сантехника,МНЧ,САН,Саратов,Саратов,нет,Увеличить,,без изменений
САН,Услуги сантехника,МНЧ,САН,Семилуки (Воронеж),Воронеж,да,Увеличить,✓,Отключить
САН,Услуги сантехника,МНЧ,САН,Сочи,Сочи,нет,Увеличить,,Отключить
САН,Услуги сантехника,МНЧ,САН,Ставрополь,Ставрополь,нет,Увеличить,,Отключить
САН,Услуги сантехника,МНЧ,САН,Стерлитамак,Стерлитамак,нет,Увеличить,,Отключить
САН,Услуги сантехника,МНЧ,САН,Сыктывкар,Сыктывкар,нет,Увеличить,,Отключить
САН,Услуги сантехника,МНЧ,САН,Тверь,Тверь,нет,Увеличить,,Отключить
САН,Услуги сантехника,МНЧ,САН,Тольятти,Тольятти,нет,Увеличить,,Отключить
САН,Услуги сантехника,МНЧ,САН,Томск,Томск,нет,Увеличить,,без изменений
САН,Услуги сантехника,МНЧ,САН,Тюмень,Тюмень,нет,Увеличить,✓,без изменений
САН,Услуги сантехника,МНЧ,САН,Ульяновск,Ульяновск,нет,Увеличить,,без изменений
САН,Услуги сантехника,МНЧ,САН,Уфа,Уфа,нет,Увеличить,✓,без изменений
САН,Услуги сантехника,МНЧ,САН,Цивильск (Чебоксары),Чебоксары,да,Увеличить,,Отключить
САН,Услуги сантехника,МНЧ,САН,Чапаевск (Самара),Самара,да,Увеличить,,Отключить
САН,Услуги сантехника,МНЧ,САН,Чебоксары,Чебоксары,нет,Увеличить,,без изменений
САН,Услуги сантехника,МНЧ,САН,Челябинск,Челябинск,нет,Увеличить,,Отключить
САН,Услуги сантехника,МНЧ,САН,Энгельс (Саратов),Саратов,да,Увеличить,,без изменений
САН,Услуги сантехника,МНЧ,САН,Астрахань,Астрахань,нет,без изменений,,Увеличить
САН,Услуги сантехника,МНЧ,САН,Брянск,Брянск,нет,без изменений,,Отключить
САН,Услуги сантехника,МНЧ,САН,Екатеринбург,Екатеринбург,нет,без изменений,,Отключить
САН,Услуги сантехника,МНЧ,САН,Курган (Челябинск),Челябинск,да,без изменений,,Отключить
САН,Услуги сантехника,МНЧ,САН,Петрозаводск,Петрозаводск,нет,без изменений,,Увеличить
САН,Услуги сантехника,МНЧ,САН,Смоленск,Смоленск,нет,без изменений,,Отключить
САН,Услуги сантехника,МНЧ,САН,Тула,Тула,нет,без изменений,,Отключить
САН,Услуги сантехника,МНЧ,САН,Азов (Ростов-на-Дону),Ростов-на-Дону,да,Отключить,,Отключить
САН,Услуги сантехника,МНЧ,САН,Аксай (Ростов-на-Дону),Ростов-на-Дону,да,Отключить,,Отключить
САН,Услуги сантехника,МНЧ,САН,Ангарск (Иркутск),Иркутск,да,Отключить,,Отключить
САН,Услуги сантехника,МНЧ,САН,Арамиль (Екатеринбург),Екатеринбург,да,Отключить,,Отключить
САН,Услуги сантехника,МНЧ,САН,Архангельск,Архангельск,нет,Отключить,,Отключить
САН,Услуги сантехника,МНЧ,САН,Балаклава (Севастополь),Севастополь,да,Отключить,,Отключить
САН,Услуги сантехника,МНЧ,САН,Балаково (Саратов),Саратов,да,Отключить,,Отключить
САН,Услуги сантехника,МНЧ,САН,Балахна (Нижний Новгород),Нижний Новгород,да,Отключить,,Увеличить
САН,Услуги сантехника,МНЧ,САН,Балашиха (Москва),Москва,да,Отключить,,Отключить
САН,Услуги сантехника,МНЧ,САН,Балтийск (Калининград),Калининград,да,Отключить,,Отключить
САН,Услуги сантехника,МНЧ,САН,Барнаул,Барнаул,нет,Отключить,,Отключить
САН,Услуги сантехника,МНЧ,САН,Батайск (Ростов-на-Дону),Ростов-на-Дону,да,Отключить,,Отключить
САН,Услуги сантехника,МНЧ,САН,Бахчисарай (Севастополь),Севастополь,да,Отключить,,Отключить
САН,Услуги сантехника,МНЧ,САН,Белогорск (Севастополь),Севастополь,да,Отключить,,Отключить
САН,Услуги сантехника,МНЧ,САН,Бердск (Новосибирск),Новосибирск,да,Отключить,,Отключить
САН,Услуги сантехника,МНЧ,САН,Берёзовский (Екатеринбург),Екатеринбург,да,Отключить,,Отключить
САН,Услуги сантехника,МНЧ,САН,Благовещенск (Уфа),Уфа,да,Отключить,,Отключить
САН,Услуги сантехника,МНЧ,САН,Богородск (Нижний Новгород),Нижний Новгород,да,Отключить,,Увеличить
САН,Услуги сантехника,МНЧ,САН,Бор (Нижний Новгород),Нижний Новгород,да,Отключить,,Увеличить
САН,Услуги сантехника,МНЧ,САН,Бугры (Санкт-Петербург),Санкт-Петербург,да,Отключить,,Отключить
САН,Услуги сантехника,МНЧ,САН,Верхняя Пышма (Екатеринбург),Екатеринбург,да,Отключить,,Отключить
САН,Услуги сантехника,МНЧ,САН,Владимир,Владимир,нет,Отключить,,Отключить
САН,Услуги сантехника,МНЧ,САН,Волгоград,Волгоград,нет,Отключить,✓,без изменений
САН,Услуги сантехника,МНЧ,САН,Волжск (Казань),Казань,да,Отключить,✓,без изменений
САН,Услуги сантехника,МНЧ,САН,Волжский (Волгоград),Волгоград,да,Отключить,,Увеличить
САН,Услуги сантехника,МНЧ,САН,Вологда,Вологда,нет,Отключить,,Отключить
САН,Услуги сантехника,МНЧ,САН,Всеволожск (Санкт-Петербург),Санкт-Петербург,да,Отключить,,Отключить
САН,Услуги сантехника,МНЧ,САН,Гвардейск (Калининград),Калининград,да,Отключить,,Отключить
САН,Услуги сантехника,МНЧ,САН,Грязи (Липецк),Липецк,да,Отключить,,Отключить
САН,Услуги сантехника,МНЧ,САН,Дзержинск (Нижний Новгород),Нижний Новгород,да,Отключить,,Увеличить
САН,Услуги сантехника,МНЧ,САН,Дивногорск (Красноярск),Красноярск,да,Отключить,,Отключить
САН,Услуги сантехника,МНЧ,САН,Евпатория (Севастополь),Севастополь,да,Отключить,,Отключить
САН,Услуги сантехника,МНЧ,САН,Елабуга (Набережные Челны),Набережные Челны,да,Отключить,,Отключить
САН,Услуги сантехника,МНЧ,САН,Зеленоградск (Калининград),Калининград,да,Отключить,,Отключить
САН,Услуги сантехника,МНЧ,САН,Зеленодольск (Казань),Казань,да,Отключить,✓,без изменений
САН,Услуги сантехника,МНЧ,САН,Иваново,Иваново,нет,Отключить,,Отключить
САН,Услуги сантехника,МНЧ,САН,Иркутск,Иркутск,нет,Отключить,,Отключить
САН,Услуги сантехника,МНЧ,САН,Ишимбай (Стерлитамак),Стерлитамак,да,Отключить,,Отключить
САН,Услуги сантехника,МНЧ,САН,Казань,Казань,нет,Отключить,✓,без изменений
САН,Услуги сантехника,МНЧ,САН,Калтан (Новокузнецк),Новокузнецк,да,Отключить,,Отключить
САН,Услуги сантехника,МНЧ,САН,Калуга,Калуга,нет,Отключить,,без изменений
САН,Услуги сантехника,МНЧ,САН,Камызяк (Астрахань),Астрахань,да,Отключить,,Отключить
САН,Услуги сантехника,МНЧ,САН,Колпино (Санкт-Петербург),Санкт-Петербург,да,Отключить,,Отключить
САН,Услуги сантехника,МНЧ,САН,Копейск (Челябинск),Челябинск,да,Отключить,,Отключить
САН,Услуги сантехника,МНЧ,САН,Коркино (Челябинск),Челябинск,да,Отключить,,Отключить
САН,Услуги сантехника,МНЧ,САН,Кострома,Кострома,нет,Отключить,,Отключить
САН,Услуги сантехника,МНЧ,САН,Краснокамск (Пермь),Пермь,да,Отключить,,Отключить
САН,Услуги сантехника,МНЧ,САН,Красноярск,Красноярск,нет,Отключить,,Отключить
САН,Услуги сантехника,МНЧ,САН,Кстово (Нижний Новгород),Нижний Новгород,да,Отключить,,Увеличить
САН,Услуги сантехника,МНЧ,САН,Кудрово (Санкт-Петербург),Санкт-Петербург,да,Отключить,,Отключить
САН,Услуги сантехника,МНЧ,САН,Курск,Курск,нет,Отключить,,без изменений
САН,Услуги сантехника,МНЧ,САН,Липецк,Липецк,нет,Отключить,,Отключить
САН,Услуги сантехника,МНЧ,САН,Лихославль (Тверь),Тверь,да,Отключить,,Отключить
САН,Услуги сантехника,МНЧ,САН,Ломоносов (Санкт-Петербург),Санкт-Петербург,да,Отключить,,Отключить
САН,Услуги сантехника,МНЧ,САН,Люберцы (Москва),Москва,да,Отключить,,Отключить
САН,Услуги сантехника,МНЧ,САН,Менделеевск (Набережные Челны),Набережные Челны,да,Отключить,,Отключить
САН,Услуги сантехника,МНЧ,САН,Москва,Москва,нет,Отключить,,без изменений
САН,Услуги сантехника,МНЧ,САН,Мурино (Санкт-Петербург),Санкт-Петербург,да,Отключить,,Отключить
САН,Услуги сантехника,МНЧ,САН,Нижнекамск (Набережные Челны),Набережные Челны,да,Отключить,,без изменений
САН,Услуги сантехника,МНЧ,САН,Нижний Тагил,Нижний Тагил,нет,Отключить,,Отключить
САН,Услуги сантехника,МНЧ,САН,Новоалтайск (Барнаул),Барнаул,да,Отключить,,Отключить
САН,Услуги сантехника,МНЧ,САН,Новокузнецк,Новокузнецк,нет,Отключить,,без изменений
САН,Услуги сантехника,МНЧ,САН,Новомосковск (Тула),Тула,да,Отключить,,Отключить
САН,Услуги сантехника,МНЧ,САН,Новосибирск,Новосибирск,нет,Отключить,,без изменений
САН,Услуги сантехника,МНЧ,САН,Новочеркасск (Ростов-на-Дону),Ростов-на-Дону,да,Отключить,,Отключить
САН,Услуги сантехника,МНЧ,САН,Октябрьск (Сызрань),Сызрань,да,Отключить,,Отключить
САН,Услуги сантехника,МНЧ,САН,Омск,Омск,нет,Отключить,,Отключить
САН,Услуги сантехника,МНЧ,САН,Осинники (Новокузнецк),Новокузнецк,да,Отключить,,Отключить
САН,Услуги сантехника,МНЧ,САН,Павловск (Санкт-Петербург),Санкт-Петербург,да,Отключить,,Отключить
САН,Услуги сантехника,МНЧ,САН,Первоуральск (Екатеринбург),Екатеринбург,да,Отключить,,Отключить
САН,Услуги сантехника,МНЧ,САН,Петергоф (Санкт-Петербург),Санкт-Петербург,да,Отключить,,Отключить
САН,Услуги сантехника,МНЧ,САН,Прокопьевск (Новокузнецк),Новокузнецк,да,Отключить,,Отключить
САН,Услуги сантехника,МНЧ,САН,Пушкин (Санкт-Петербург),Санкт-Петербург,да,Отключить,,Отключить
САН,Услуги сантехника,МНЧ,САН,Ростов-на-Дону,Ростов-на-Дону,нет,Отключить,,Отключить
САН,Услуги сантехника,МНЧ,САН,Рыбное (Рязань),Рязань,да,Отключить,,Отключить
САН,Услуги сантехника,МНЧ,САН,Рязань,Рязань,нет,Отключить,✓,без изменений
САН,Услуги сантехника,МНЧ,САН,Саки (Севастополь),Севастополь,да,Отключить,,Отключить
САН,Услуги сантехника,МНЧ,САН,Салават (Стерлитамак),Стерлитамак,да,Отключить,,Отключить
САН,Услуги сантехника,МНЧ,САН,Санкт-Петербург,Санкт-Петербург,нет,Отключить,✓,без изменений
САН,Услуги сантехника,МНЧ,САН,Светлогорск (Калининград),Калининград,да,Отключить,,Отключить
САН,Услуги сантехника,МНЧ,САН,Светлый (Калининград),Калининград,да,Отключить,,Отключить
САН,Услуги сантехника,МНЧ,САН,Севастополь,Севастополь,нет,Отключить,,Отключить
САН,Услуги сантехника,МНЧ,САН,Сертолово (Санкт-Петербург),Санкт-Петербург,да,Отключить,,Отключить
САН,Услуги сантехника,МНЧ,САН,Сестрорецк (Санкт-Петербург),Санкт-Петербург,да,Отключить,,Отключить
САН,Услуги сантехника,МНЧ,САН,Симферополь (Севастополь),Севастополь,да,Отключить,,Отключить
САН,Услуги сантехника,МНЧ,САН,Сосновоборск (Красноярск),Красноярск,да,Отключить,,Отключить
САН,Услуги сантехника,МНЧ,САН,Среднеуральск (Екатеринбург),Екатеринбург,да,Отключить,,Отключить
САН,Услуги сантехника,МНЧ,САН,Сургут,Сургут,нет,Отключить,✓,без изменений
САН,Услуги сантехника,МНЧ,САН,Сызрань,Сызрань,нет,Отключить,,Отключить
САН,Услуги сантехника,МНЧ,САН,Таганрог,Таганрог,нет,Отключить,,Отключить
САН,Услуги сантехника,МНЧ,САН,Тамбов,Тамбов,нет,Отключить,,Отключить
САН,Услуги сантехника,МНЧ,САН,Топки (Кемерово),Кемерово,да,Отключить,,Отключить
САН,Услуги сантехника,МНЧ,САН,Тутаев (Ярославль),Ярославль,да,Отключить,,Отключить
САН,Услуги сантехника,МНЧ,САН,Улан-Удэ,Улан-Удэ,нет,Отключить,,Отключить
САН,Услуги сантехника,МНЧ,САН,Усть-Лабинск (Краснодар),Краснодар,да,Отключить,,Отключить
САН,Услуги сантехника,МНЧ,САН,Череповец,Череповец,нет,Отключить,,Отключить
САН,Услуги сантехника,МНЧ,САН,Шелехов (Иркутск),Иркутск,да,Отключить,,Отключить
САН,Услуги сантехника,МНЧ,САН,Щёкино (Тула),Тула,да,Отключить,,Отключить
САН,Услуги сантехника,МНЧ,САН,Ярославль,Ярославль,нет,Отключить,,Увеличить
МНЧ,Услуги мастера на час,МНЧ,МНЧ,Адыгейск (Краснодар),Краснодар,да,Увеличить,,без изменений
МНЧ,Услуги мастера на час,МНЧ,МНЧ,Астрахань,Астрахань,нет,Увеличить,,Отключить
МНЧ,Услуги мастера на час,МНЧ,МНЧ,Воронеж,Воронеж,нет,Увеличить,✓,Отключить
МНЧ,Услуги мастера на час,МНЧ,МНЧ,Жигулёвск (Тольятти),Тольятти,да,Увеличить,,Отключить
МНЧ,Услуги мастера на час,МНЧ,МНЧ,Йошкар-Ола,Йошкар-Ола,нет,Увеличить,,Отключить
МНЧ,Услуги мастера на час,МНЧ,МНЧ,Киров,Киров,нет,Увеличить,,Отключить
МНЧ,Услуги мастера на час,МНЧ,МНЧ,Кирово-Чепецк (Киров),Киров,да,Увеличить,,Отключить
МНЧ,Услуги мастера на час,МНЧ,МНЧ,Краснодар,Краснодар,нет,Увеличить,,без изменений
МНЧ,Услуги мастера на час,МНЧ,МНЧ,Михайловск (Ставрополь),Ставрополь,да,Увеличить,✓,Отключить
МНЧ,Услуги мастера на час,МНЧ,МНЧ,Новокуйбышевск (Самара),Самара,да,Увеличить,,Отключить
МНЧ,Услуги мастера на час,МНЧ,МНЧ,Самара,Самара,нет,Увеличить,,без изменений
МНЧ,Услуги мастера на час,МНЧ,МНЧ,Саратов,Саратов,нет,Увеличить,,Отключить
МНЧ,Услуги мастера на час,МНЧ,МНЧ,Семилуки (Воронеж),Воронеж,да,Увеличить,✓,Отключить
МНЧ,Услуги мастера на час,МНЧ,МНЧ,Сочи,Сочи,нет,Увеличить,,без изменений
МНЧ,Услуги мастера на час,МНЧ,МНЧ,Ставрополь,Ставрополь,нет,Увеличить,✓,без изменений
МНЧ,Услуги мастера на час,МНЧ,МНЧ,Сыктывкар,Сыктывкар,нет,Увеличить,,Отключить
МНЧ,Услуги мастера на час,МНЧ,МНЧ,Тольятти,Тольятти,нет,Увеличить,,Отключить
МНЧ,Услуги мастера на час,МНЧ,МНЧ,Чапаевск (Самара),Самара,да,Увеличить,,Отключить
МНЧ,Услуги мастера на час,МНЧ,МНЧ,Энгельс (Саратов),Саратов,да,Увеличить,,Отключить
МНЧ,Услуги мастера на час,МНЧ,МНЧ,Тула,Тула,нет,без изменений,✓,Увеличить
МНЧ,Услуги мастера на час,МНЧ,МНЧ,Азов (Ростов-на-Дону),Ростов-на-Дону,да,Отключить,,Отключить
МНЧ,Услуги мастера на час,МНЧ,МНЧ,Аксай (Ростов-на-Дону),Ростов-на-Дону,да,Отключить,,Отключить
МНЧ,Услуги мастера на час,МНЧ,МНЧ,Ангарск (Иркутск),Иркутск,да,Отключить,,Отключить
МНЧ,Услуги мастера на час,МНЧ,МНЧ,Арамиль (Екатеринбург),Екатеринбург,да,Отключить,,Отключить
МНЧ,Услуги мастера на час,МНЧ,МНЧ,Архангельск,Архангельск,нет,Отключить,,Отключить
МНЧ,Услуги мастера на час,МНЧ,МНЧ,Балаклава (Севастополь),Севастополь,да,Отключить,,Отключить
МНЧ,Услуги мастера на час,МНЧ,МНЧ,Балаково (Саратов),Саратов,да,Отключить,,Отключить
МНЧ,Услуги мастера на час,МНЧ,МНЧ,Балахна (Нижний Новгород),Нижний Новгород,да,Отключить,,Отключить
МНЧ,Услуги мастера на час,МНЧ,МНЧ,Балашиха (Москва),Москва,да,Отключить,,Отключить
МНЧ,Услуги мастера на час,МНЧ,МНЧ,Балтийск (Калининград),Калининград,да,Отключить,,Отключить
МНЧ,Услуги мастера на час,МНЧ,МНЧ,Барнаул,Барнаул,нет,Отключить,,Отключить
МНЧ,Услуги мастера на час,МНЧ,МНЧ,Батайск (Ростов-на-Дону),Ростов-на-Дону,да,Отключить,,Отключить
МНЧ,Услуги мастера на час,МНЧ,МНЧ,Бахчисарай (Севастополь),Севастополь,да,Отключить,,Отключить
МНЧ,Услуги мастера на час,МНЧ,МНЧ,Белгород,Белгород,нет,Отключить,,Отключить
МНЧ,Услуги мастера на час,МНЧ,МНЧ,Белогорск (Севастополь),Севастополь,да,Отключить,,Отключить
МНЧ,Услуги мастера на час,МНЧ,МНЧ,Бердск (Новосибирск),Новосибирск,да,Отключить,,Отключить
МНЧ,Услуги мастера на час,МНЧ,МНЧ,Берёзовский (Екатеринбург),Екатеринбург,да,Отключить,,Отключить
МНЧ,Услуги мастера на час,МНЧ,МНЧ,Благовещенск (Уфа),Уфа,да,Отключить,,Отключить
МНЧ,Услуги мастера на час,МНЧ,МНЧ,Богородск (Нижний Новгород),Нижний Новгород,да,Отключить,,Отключить
МНЧ,Услуги мастера на час,МНЧ,МНЧ,Бор (Нижний Новгород),Нижний Новгород,да,Отключить,,Отключить
МНЧ,Услуги мастера на час,МНЧ,МНЧ,Брянск,Брянск,нет,Отключить,,Отключить
МНЧ,Услуги мастера на час,МНЧ,МНЧ,Бугры (Санкт-Петербург),Санкт-Петербург,да,Отключить,,Отключить
МНЧ,Услуги мастера на час,МНЧ,МНЧ,Верхняя Пышма (Екатеринбург),Екатеринбург,да,Отключить,,Отключить
МНЧ,Услуги мастера на час,МНЧ,МНЧ,Владимир,Владимир,нет,Отключить,,Отключить
МНЧ,Услуги мастера на час,МНЧ,МНЧ,Волгоград,Волгоград,нет,Отключить,,Увеличить
МНЧ,Услуги мастера на час,МНЧ,МНЧ,Волжск (Казань),Казань,да,Отключить,,Отключить
МНЧ,Услуги мастера на час,МНЧ,МНЧ,Волжский (Волгоград),Волгоград,да,Отключить,,Отключить
МНЧ,Услуги мастера на час,МНЧ,МНЧ,Вологда,Вологда,нет,Отключить,,Отключить
МНЧ,Услуги мастера на час,МНЧ,МНЧ,Всеволожск (Санкт-Петербург),Санкт-Петербург,да,Отключить,,Отключить
МНЧ,Услуги мастера на час,МНЧ,МНЧ,Гвардейск (Калининград),Калининград,да,Отключить,,Отключить
МНЧ,Услуги мастера на час,МНЧ,МНЧ,Грязи (Липецк),Липецк,да,Отключить,,Отключить
МНЧ,Услуги мастера на час,МНЧ,МНЧ,Дзержинск (Нижний Новгород),Нижний Новгород,да,Отключить,,Отключить
МНЧ,Услуги мастера на час,МНЧ,МНЧ,Дивногорск (Красноярск),Красноярск,да,Отключить,,Отключить
МНЧ,Услуги мастера на час,МНЧ,МНЧ,Евпатория (Севастополь),Севастополь,да,Отключить,,Отключить
МНЧ,Услуги мастера на час,МНЧ,МНЧ,Екатеринбург,Екатеринбург,нет,Отключить,,Отключить
МНЧ,Услуги мастера на час,МНЧ,МНЧ,Елабуга (Набережные Челны),Набережные Челны,да,Отключить,,Отключить
МНЧ,Услуги мастера на час,МНЧ,МНЧ,Зеленоградск (Калининград),Калининград,да,Отключить,,Отключить
МНЧ,Услуги мастера на час,МНЧ,МНЧ,Зеленодольск (Казань),Казань,да,Отключить,,Отключить
МНЧ,Услуги мастера на час,МНЧ,МНЧ,Иваново,Иваново,нет,Отключить,,Отключить
МНЧ,Услуги мастера на час,МНЧ,МНЧ,Ижевск,Ижевск,нет,Отключить,✓,Увеличить
МНЧ,Услуги мастера на час,МНЧ,МНЧ,Иркутск,Иркутск,нет,Отключить,,Отключить
МНЧ,Услуги мастера на час,МНЧ,МНЧ,Ишимбай (Стерлитамак),Стерлитамак,да,Отключить,,Отключить
МНЧ,Услуги мастера на час,МНЧ,МНЧ,Казань,Казань,нет,Отключить,,Отключить
МНЧ,Услуги мастера на час,МНЧ,МНЧ,Калининград,Калининград,нет,Отключить,,Отключить
МНЧ,Услуги мастера на час,МНЧ,МНЧ,Калтан (Новокузнецк),Новокузнецк,да,Отключить,,Отключить
МНЧ,Услуги мастера на час,МНЧ,МНЧ,Калуга,Калуга,нет,Отключить,,Отключить
МНЧ,Услуги мастера на час,МНЧ,МНЧ,Камызяк (Астрахань),Астрахань,да,Отключить,,Отключить
МНЧ,Услуги мастера на час,МНЧ,МНЧ,Кемерово,Кемерово,нет,Отключить,,Отключить
МНЧ,Услуги мастера на час,МНЧ,МНЧ,Колпино (Санкт-Петербург),Санкт-Петербург,да,Отключить,,Отключить
МНЧ,Услуги мастера на час,МНЧ,МНЧ,Копейск (Челябинск),Челябинск,да,Отключить,,Отключить
МНЧ,Услуги мастера на час,МНЧ,МНЧ,Коркино (Челябинск),Челябинск,да,Отключить,,Отключить
МНЧ,Услуги мастера на час,МНЧ,МНЧ,Кострома,Кострома,нет,Отключить,,Отключить
МНЧ,Услуги мастера на час,МНЧ,МНЧ,Краснокамск (Пермь),Пермь,да,Отключить,,Отключить
МНЧ,Услуги мастера на час,МНЧ,МНЧ,Красноярск,Красноярск,нет,Отключить,,Отключить
МНЧ,Услуги мастера на час,МНЧ,МНЧ,Кстово (Нижний Новгород),Нижний Новгород,да,Отключить,,Отключить
МНЧ,Услуги мастера на час,МНЧ,МНЧ,Кудрово (Санкт-Петербург),Санкт-Петербург,да,Отключить,,Отключить
МНЧ,Услуги мастера на час,МНЧ,МНЧ,Курган (Челябинск),Челябинск,да,Отключить,,Отключить
МНЧ,Услуги мастера на час,МНЧ,МНЧ,Курск,Курск,нет,Отключить,,Отключить
МНЧ,Услуги мастера на час,МНЧ,МНЧ,Липецк,Липецк,нет,Отключить,,Отключить
МНЧ,Услуги мастера на час,МНЧ,МНЧ,Лихославль (Тверь),Тверь,да,Отключить,,Отключить
МНЧ,Услуги мастера на час,МНЧ,МНЧ,Ломоносов (Санкт-Петербург),Санкт-Петербург,да,Отключить,,Отключить
МНЧ,Услуги мастера на час,МНЧ,МНЧ,Люберцы (Москва),Москва,да,Отключить,,Отключить
МНЧ,Услуги мастера на час,МНЧ,МНЧ,Магнитогорск,Магнитогорск,нет,Отключить,,Отключить
МНЧ,Услуги мастера на час,МНЧ,МНЧ,Менделеевск (Набережные Челны),Набережные Челны,да,Отключить,,Отключить
МНЧ,Услуги мастера на час,МНЧ,МНЧ,Москва,Москва,нет,Отключить,,Отключить
МНЧ,Услуги мастера на час,МНЧ,МНЧ,Мурино (Санкт-Петербург),Санкт-Петербург,да,Отключить,,Отключить
МНЧ,Услуги мастера на час,МНЧ,МНЧ,Набережные Челны,Набережные Челны,нет,Отключить,,Отключить
МНЧ,Услуги мастера на час,МНЧ,МНЧ,Нижнекамск (Набережные Челны),Набережные Челны,да,Отключить,,Отключить
МНЧ,Услуги мастера на час,МНЧ,МНЧ,Нижний Новгород,Нижний Новгород,нет,Отключить,,Отключить
МНЧ,Услуги мастера на час,МНЧ,МНЧ,Нижний Тагил,Нижний Тагил,нет,Отключить,,Отключить
МНЧ,Услуги мастера на час,МНЧ,МНЧ,Новоалтайск (Барнаул),Барнаул,да,Отключить,,Отключить
МНЧ,Услуги мастера на час,МНЧ,МНЧ,Новокузнецк,Новокузнецк,нет,Отключить,,Отключить
МНЧ,Услуги мастера на час,МНЧ,МНЧ,Новомосковск (Тула),Тула,да,Отключить,,Отключить
МНЧ,Услуги мастера на час,МНЧ,МНЧ,Новосибирск,Новосибирск,нет,Отключить,,Отключить
МНЧ,Услуги мастера на час,МНЧ,МНЧ,Новоульяновск (Ульяновск),Ульяновск,да,Отключить,,Отключить
МНЧ,Услуги мастера на час,МНЧ,МНЧ,Новочебоксарск (Чебоксары),Чебоксары,да,Отключить,,Отключить
МНЧ,Услуги мастера на час,МНЧ,МНЧ,Новочеркасск (Ростов-на-Дону),Ростов-на-Дону,да,Отключить,,Отключить
МНЧ,Услуги мастера на час,МНЧ,МНЧ,Октябрьск (Сызрань),Сызрань,да,Отключить,,Отключить
МНЧ,Услуги мастера на час,МНЧ,МНЧ,Омск,Омск,нет,Отключить,,Отключить
МНЧ,Услуги мастера на час,МНЧ,МНЧ,Орел,Орел,нет,Отключить,,Отключить
МНЧ,Услуги мастера на час,МНЧ,МНЧ,Оренбург,Оренбург,нет,Отключить,,Отключить
МНЧ,Услуги мастера на час,МНЧ,МНЧ,Осинники (Новокузнецк),Новокузнецк,да,Отключить,,Отключить
МНЧ,Услуги мастера на час,МНЧ,МНЧ,Павловск (Санкт-Петербург),Санкт-Петербург,да,Отключить,,Отключить
МНЧ,Услуги мастера на час,МНЧ,МНЧ,Первоуральск (Екатеринбург),Екатеринбург,да,Отключить,,Отключить
МНЧ,Услуги мастера на час,МНЧ,МНЧ,Пермь,Пермь,нет,Отключить,,Отключить
МНЧ,Услуги мастера на час,МНЧ,МНЧ,Петергоф (Санкт-Петербург),Санкт-Петербург,да,Отключить,,Отключить
МНЧ,Услуги мастера на час,МНЧ,МНЧ,Петрозаводск,Петрозаводск,нет,Отключить,,Отключить
МНЧ,Услуги мастера на час,МНЧ,МНЧ,Прокопьевск (Новокузнецк),Новокузнецк,да,Отключить,,Отключить
МНЧ,Услуги мастера на час,МНЧ,МНЧ,Пушкин (Санкт-Петербург),Санкт-Петербург,да,Отключить,,Отключить
МНЧ,Услуги мастера на час,МНЧ,МНЧ,Ростов-на-Дону,Ростов-на-Дону,нет,Отключить,,Отключить
МНЧ,Услуги мастера на час,МНЧ,МНЧ,Рыбное (Рязань),Рязань,да,Отключить,,Отключить
МНЧ,Услуги мастера на час,МНЧ,МНЧ,Рязань,Рязань,нет,Отключить,,Отключить
МНЧ,Услуги мастера на час,МНЧ,МНЧ,Саки (Севастополь),Севастополь,да,Отключить,,Отключить
МНЧ,Услуги мастера на час,МНЧ,МНЧ,Салават (Стерлитамак),Стерлитамак,да,Отключить,,Отключить
МНЧ,Услуги мастера на час,МНЧ,МНЧ,Санкт-Петербург,Санкт-Петербург,нет,Отключить,,Отключить
МНЧ,Услуги мастера на час,МНЧ,МНЧ,Светлогорск (Калининград),Калининград,да,Отключить,,Отключить
МНЧ,Услуги мастера на час,МНЧ,МНЧ,Светлый (Калининград),Калининград,да,Отключить,,Отключить
МНЧ,Услуги мастера на час,МНЧ,МНЧ,Севастополь,Севастополь,нет,Отключить,,Отключить
МНЧ,Услуги мастера на час,МНЧ,МНЧ,Сертолово (Санкт-Петербург),Санкт-Петербург,да,Отключить,,Отключить
МНЧ,Услуги мастера на час,МНЧ,МНЧ,Сестрорецк (Санкт-Петербург),Санкт-Петербург,да,Отключить,,Отключить
МНЧ,Услуги мастера на час,МНЧ,МНЧ,Симферополь (Севастополь),Севастополь,да,Отключить,,Отключить
МНЧ,Услуги мастера на час,МНЧ,МНЧ,Смоленск,Смоленск,нет,Отключить,,Отключить
МНЧ,Услуги мастера на час,МНЧ,МНЧ,Сосновоборск (Красноярск),Красноярск,да,Отключить,,Отключить
МНЧ,Услуги мастера на час,МНЧ,МНЧ,Среднеуральск (Екатеринбург),Екатеринбург,да,Отключить,,Отключить
МНЧ,Услуги мастера на час,МНЧ,МНЧ,Стерлитамак,Стерлитамак,нет,Отключить,,Отключить
МНЧ,Услуги мастера на час,МНЧ,МНЧ,Сургут,Сургут,нет,Отключить,,Отключить
МНЧ,Услуги мастера на час,МНЧ,МНЧ,Сызрань,Сызрань,нет,Отключить,,Отключить
МНЧ,Услуги мастера на час,МНЧ,МНЧ,Таганрог,Таганрог,нет,Отключить,,Отключить
МНЧ,Услуги мастера на час,МНЧ,МНЧ,Тамбов,Тамбов,нет,Отключить,,Отключить
МНЧ,Услуги мастера на час,МНЧ,МНЧ,Тверь,Тверь,нет,Отключить,,Отключить
МНЧ,Услуги мастера на час,МНЧ,МНЧ,Томск,Томск,нет,Отключить,,Отключить
МНЧ,Услуги мастера на час,МНЧ,МНЧ,Топки (Кемерово),Кемерово,да,Отключить,,Отключить
МНЧ,Услуги мастера на час,МНЧ,МНЧ,Тутаев (Ярославль),Ярославль,да,Отключить,,Отключить
МНЧ,Услуги мастера на час,МНЧ,МНЧ,Тюмень,Тюмень,нет,Отключить,,Отключить
МНЧ,Услуги мастера на час,МНЧ,МНЧ,Улан-Удэ,Улан-Удэ,нет,Отключить,,Отключить
МНЧ,Услуги мастера на час,МНЧ,МНЧ,Ульяновск,Ульяновск,нет,Отключить,,Отключить
МНЧ,Услуги мастера на час,МНЧ,МНЧ,Усть-Лабинск (Краснодар),Краснодар,да,Отключить,,Отключить
МНЧ,Услуги мастера на час,МНЧ,МНЧ,Уфа,Уфа,нет,Отключить,,Отключить
МНЧ,Услуги мастера на час,МНЧ,МНЧ,Цивильск (Чебоксары),Чебоксары,да,Отключить,,Отключить
МНЧ,Услуги мастера на час,МНЧ,МНЧ,Чебоксары,Чебоксары,нет,Отключить,,Отключить
МНЧ,Услуги мастера на час,МНЧ,МНЧ,Челябинск,Челябинск,нет,Отключить,,Отключить
МНЧ,Услуги мастера на час,МНЧ,МНЧ,Череповец,Череповец,нет,Отключить,,Отключить
МНЧ,Услуги мастера на час,МНЧ,МНЧ,Шелехов (Иркутск),Иркутск,да,Отключить,,Отключить
МНЧ,Услуги мастера на час,МНЧ,МНЧ,Щёкино (Тула),Тула,да,Отключить,,Отключить
МНЧ,Услуги мастера на час,МНЧ,МНЧ,Ярославль,Ярославль,нет,Отключить,,Отключить
ОКНА,Услуги по ремонту окон,МНЧ,ОКНА,Астрахань,Астрахань,нет,Увеличить,,Отключить
ОКНА,Услуги по ремонту окон,МНЧ,ОКНА,Балахна (Нижний Новгород),Нижний Новгород,да,Увеличить,,Отключить
ОКНА,Услуги по ремонту окон,МНЧ,ОКНА,Белгород,Белгород,нет,Увеличить,,без изменений
ОКНА,Услуги по ремонту окон,МНЧ,ОКНА,Богородск (Нижний Новгород),Нижний Новгород,да,Увеличить,,Отключить
ОКНА,Услуги по ремонту окон,МНЧ,ОКНА,Бор (Нижний Новгород),Нижний Новгород,да,Увеличить,,Отключить
ОКНА,Услуги по ремонту окон,МНЧ,ОКНА,Волгоград,Волгоград,нет,Увеличить,,Отключить
ОКНА,Услуги по ремонту окон,МНЧ,ОКНА,Вологда,Вологда,нет,Увеличить,,без изменений
ОКНА,Услуги по ремонту окон,МНЧ,ОКНА,Воронеж,Воронеж,нет,Увеличить,,Отключить
ОКНА,Услуги по ремонту окон,МНЧ,ОКНА,Дзержинск (Нижний Новгород),Нижний Новгород,да,Увеличить,,Отключить
ОКНА,Услуги по ремонту окон,МНЧ,ОКНА,Жигулёвск (Тольятти),Тольятти,да,Увеличить,,Отключить
ОКНА,Услуги по ремонту окон,МНЧ,ОКНА,Йошкар-Ола,Йошкар-Ола,нет,Увеличить,,Отключить
ОКНА,Услуги по ремонту окон,МНЧ,ОКНА,Калининград,Калининград,нет,Увеличить,,Отключить
ОКНА,Услуги по ремонту окон,МНЧ,ОКНА,Камызяк (Астрахань),Астрахань,да,Увеличить,,Отключить
ОКНА,Услуги по ремонту окон,МНЧ,ОКНА,Кемерово,Кемерово,нет,Увеличить,,Отключить
ОКНА,Услуги по ремонту окон,МНЧ,ОКНА,Киров,Киров,нет,Увеличить,,Отключить
ОКНА,Услуги по ремонту окон,МНЧ,ОКНА,Кирово-Чепецк (Киров),Киров,да,Увеличить,,Отключить
ОКНА,Услуги по ремонту окон,МНЧ,ОКНА,Кострома,Кострома,нет,Увеличить,,Отключить
ОКНА,Услуги по ремонту окон,МНЧ,ОКНА,Краснодар,Краснодар,нет,Увеличить,,без изменений
ОКНА,Услуги по ремонту окон,МНЧ,ОКНА,Кстово (Нижний Новгород),Нижний Новгород,да,Увеличить,,Отключить
ОКНА,Услуги по ремонту окон,МНЧ,ОКНА,Курск,Курск,нет,Увеличить,,Отключить
ОКНА,Услуги по ремонту окон,МНЧ,ОКНА,Магнитогорск,Магнитогорск,нет,Увеличить,,Отключить
ОКНА,Услуги по ремонту окон,МНЧ,ОКНА,Михайловск (Ставрополь),Ставрополь,да,Увеличить,✓,Отключить
ОКНА,Услуги по ремонту окон,МНЧ,ОКНА,Набережные Челны,Набережные Челны,нет,Увеличить,,Отключить
ОКНА,Услуги по ремонту окон,МНЧ,ОКНА,Нижний Новгород,Нижний Новгород,нет,Увеличить,,Отключить
ОКНА,Услуги по ремонту окон,МНЧ,ОКНА,Новокуйбышевск (Самара),Самара,да,Увеличить,,Отключить
ОКНА,Услуги по ремонту окон,МНЧ,ОКНА,Новоульяновск (Ульяновск),Ульяновск,да,Увеличить,,Отключить
ОКНА,Услуги по ремонту окон,МНЧ,ОКНА,Орел,Орел,нет,Увеличить,,Отключить
ОКНА,Услуги по ремонту окон,МНЧ,ОКНА,Оренбург,Оренбург,нет,Увеличить,,Отключить
ОКНА,Услуги по ремонту окон,МНЧ,ОКНА,Самара,Самара,нет,Увеличить,,Отключить
ОКНА,Услуги по ремонту окон,МНЧ,ОКНА,Саратов,Саратов,нет,Увеличить,,Отключить
ОКНА,Услуги по ремонту окон,МНЧ,ОКНА,Семилуки (Воронеж),Воронеж,да,Увеличить,,Отключить
ОКНА,Услуги по ремонту окон,МНЧ,ОКНА,Сочи,Сочи,нет,Увеличить,,без изменений
ОКНА,Услуги по ремонту окон,МНЧ,ОКНА,Ставрополь,Ставрополь,нет,Увеличить,✓,Отключить
ОКНА,Услуги по ремонту окон,МНЧ,ОКНА,Сыктывкар,Сыктывкар,нет,Увеличить,,Отключить
ОКНА,Услуги по ремонту окон,МНЧ,ОКНА,Тольятти,Тольятти,нет,Увеличить,,Отключить
ОКНА,Услуги по ремонту окон,МНЧ,ОКНА,Томск,Томск,нет,Увеличить,,Отключить
ОКНА,Услуги по ремонту окон,МНЧ,ОКНА,Ульяновск,Ульяновск,нет,Увеличить,,Отключить
ОКНА,Услуги по ремонту окон,МНЧ,ОКНА,Уфа,Уфа,нет,Увеличить,,Отключить
ОКНА,Услуги по ремонту окон,МНЧ,ОКНА,Чапаевск (Самара),Самара,да,Увеличить,,Отключить
ОКНА,Услуги по ремонту окон,МНЧ,ОКНА,Энгельс (Саратов),Саратов,да,Увеличить,,Отключить
ОКНА,Услуги по ремонту окон,МНЧ,ОКНА,Ярославль,Ярославль,нет,Увеличить,,Отключить
ОКНА,Услуги по ремонту окон,МНЧ,ОКНА,Екатеринбург,Екатеринбург,нет,без изменений,,Отключить
ОКНА,Услуги по ремонту окон,МНЧ,ОКНА,Рязань,Рязань,нет,без изменений,,Отключить
ОКНА,Услуги по ремонту окон,МНЧ,ОКНА,Адыгейск (Краснодар),Краснодар,да,Отключить,,Отключить
ОКНА,Услуги по ремонту окон,МНЧ,ОКНА,Азов (Ростов-на-Дону),Ростов-на-Дону,да,Отключить,,Отключить
ОКНА,Услуги по ремонту окон,МНЧ,ОКНА,Аксай (Ростов-на-Дону),Ростов-на-Дону,да,Отключить,,Отключить
ОКНА,Услуги по ремонту окон,МНЧ,ОКНА,Ангарск (Иркутск),Иркутск,да,Отключить,,Отключить
ОКНА,Услуги по ремонту окон,МНЧ,ОКНА,Арамиль (Екатеринбург),Екатеринбург,да,Отключить,,Отключить
ОКНА,Услуги по ремонту окон,МНЧ,ОКНА,Архангельск,Архангельск,нет,Отключить,,Отключить
ОКНА,Услуги по ремонту окон,МНЧ,ОКНА,Балаклава (Севастополь),Севастополь,да,Отключить,,Отключить
ОКНА,Услуги по ремонту окон,МНЧ,ОКНА,Балаково (Саратов),Саратов,да,Отключить,,Отключить
ОКНА,Услуги по ремонту окон,МНЧ,ОКНА,Балашиха (Москва),Москва,да,Отключить,,Отключить
ОКНА,Услуги по ремонту окон,МНЧ,ОКНА,Балтийск (Калининград),Калининград,да,Отключить,,Отключить
ОКНА,Услуги по ремонту окон,МНЧ,ОКНА,Барнаул,Барнаул,нет,Отключить,,Отключить
ОКНА,Услуги по ремонту окон,МНЧ,ОКНА,Батайск (Ростов-на-Дону),Ростов-на-Дону,да,Отключить,,Отключить
ОКНА,Услуги по ремонту окон,МНЧ,ОКНА,Бахчисарай (Севастополь),Севастополь,да,Отключить,,Отключить
ОКНА,Услуги по ремонту окон,МНЧ,ОКНА,Белогорск (Севастополь),Севастополь,да,Отключить,,Отключить
ОКНА,Услуги по ремонту окон,МНЧ,ОКНА,Бердск (Новосибирск),Новосибирск,да,Отключить,,Отключить
ОКНА,Услуги по ремонту окон,МНЧ,ОКНА,Берёзовский (Екатеринбург),Екатеринбург,да,Отключить,,Отключить
ОКНА,Услуги по ремонту окон,МНЧ,ОКНА,Благовещенск (Уфа),Уфа,да,Отключить,,Отключить
ОКНА,Услуги по ремонту окон,МНЧ,ОКНА,Брянск,Брянск,нет,Отключить,,Отключить
ОКНА,Услуги по ремонту окон,МНЧ,ОКНА,Бугры (Санкт-Петербург),Санкт-Петербург,да,Отключить,,Отключить
ОКНА,Услуги по ремонту окон,МНЧ,ОКНА,Верхняя Пышма (Екатеринбург),Екатеринбург,да,Отключить,,Отключить
ОКНА,Услуги по ремонту окон,МНЧ,ОКНА,Владимир,Владимир,нет,Отключить,,Отключить
ОКНА,Услуги по ремонту окон,МНЧ,ОКНА,Волжск (Казань),Казань,да,Отключить,,Отключить
ОКНА,Услуги по ремонту окон,МНЧ,ОКНА,Волжский (Волгоград),Волгоград,да,Отключить,,Увеличить
ОКНА,Услуги по ремонту окон,МНЧ,ОКНА,Всеволожск (Санкт-Петербург),Санкт-Петербург,да,Отключить,,Отключить
ОКНА,Услуги по ремонту окон,МНЧ,ОКНА,Гвардейск (Калининград),Калининград,да,Отключить,,Отключить
ОКНА,Услуги по ремонту окон,МНЧ,ОКНА,Грязи (Липецк),Липецк,да,Отключить,,Отключить
ОКНА,Услуги по ремонту окон,МНЧ,ОКНА,Дивногорск (Красноярск),Красноярск,да,Отключить,,Отключить
ОКНА,Услуги по ремонту окон,МНЧ,ОКНА,Евпатория (Севастополь),Севастополь,да,Отключить,,Отключить
ОКНА,Услуги по ремонту окон,МНЧ,ОКНА,Елабуга (Набережные Челны),Набережные Челны,да,Отключить,,Отключить
ОКНА,Услуги по ремонту окон,МНЧ,ОКНА,Зеленоградск (Калининград),Калининград,да,Отключить,,Отключить
ОКНА,Услуги по ремонту окон,МНЧ,ОКНА,Зеленодольск (Казань),Казань,да,Отключить,,Отключить
ОКНА,Услуги по ремонту окон,МНЧ,ОКНА,Иваново,Иваново,нет,Отключить,,Отключить
ОКНА,Услуги по ремонту окон,МНЧ,ОКНА,Ижевск,Ижевск,нет,Отключить,,Отключить
ОКНА,Услуги по ремонту окон,МНЧ,ОКНА,Иркутск,Иркутск,нет,Отключить,,Отключить
ОКНА,Услуги по ремонту окон,МНЧ,ОКНА,Ишимбай (Стерлитамак),Стерлитамак,да,Отключить,,Отключить
ОКНА,Услуги по ремонту окон,МНЧ,ОКНА,Казань,Казань,нет,Отключить,,Отключить
ОКНА,Услуги по ремонту окон,МНЧ,ОКНА,Калтан (Новокузнецк),Новокузнецк,да,Отключить,,Отключить
ОКНА,Услуги по ремонту окон,МНЧ,ОКНА,Калуга,Калуга,нет,Отключить,,Отключить
ОКНА,Услуги по ремонту окон,МНЧ,ОКНА,Колпино (Санкт-Петербург),Санкт-Петербург,да,Отключить,,Отключить
ОКНА,Услуги по ремонту окон,МНЧ,ОКНА,Копейск (Челябинск),Челябинск,да,Отключить,,Отключить
ОКНА,Услуги по ремонту окон,МНЧ,ОКНА,Коркино (Челябинск),Челябинск,да,Отключить,,Отключить
ОКНА,Услуги по ремонту окон,МНЧ,ОКНА,Краснокамск (Пермь),Пермь,да,Отключить,,Отключить
ОКНА,Услуги по ремонту окон,МНЧ,ОКНА,Красноярск,Красноярск,нет,Отключить,,Отключить
ОКНА,Услуги по ремонту окон,МНЧ,ОКНА,Кудрово (Санкт-Петербург),Санкт-Петербург,да,Отключить,,Отключить
ОКНА,Услуги по ремонту окон,МНЧ,ОКНА,Курган (Челябинск),Челябинск,да,Отключить,,Отключить
ОКНА,Услуги по ремонту окон,МНЧ,ОКНА,Липецк,Липецк,нет,Отключить,,Отключить
ОКНА,Услуги по ремонту окон,МНЧ,ОКНА,Лихославль (Тверь),Тверь,да,Отключить,,Отключить
ОКНА,Услуги по ремонту окон,МНЧ,ОКНА,Ломоносов (Санкт-Петербург),Санкт-Петербург,да,Отключить,,Отключить
ОКНА,Услуги по ремонту окон,МНЧ,ОКНА,Люберцы (Москва),Москва,да,Отключить,,Отключить
ОКНА,Услуги по ремонту окон,МНЧ,ОКНА,Менделеевск (Набережные Челны),Набережные Челны,да,Отключить,,Отключить
ОКНА,Услуги по ремонту окон,МНЧ,ОКНА,Москва,Москва,нет,Отключить,,Отключить
ОКНА,Услуги по ремонту окон,МНЧ,ОКНА,Мурино (Санкт-Петербург),Санкт-Петербург,да,Отключить,,Отключить
ОКНА,Услуги по ремонту окон,МНЧ,ОКНА,Нижнекамск (Набережные Челны),Набережные Челны,да,Отключить,,Отключить
ОКНА,Услуги по ремонту окон,МНЧ,ОКНА,Нижний Тагил,Нижний Тагил,нет,Отключить,,Отключить
ОКНА,Услуги по ремонту окон,МНЧ,ОКНА,Новоалтайск (Барнаул),Барнаул,да,Отключить,,Отключить
ОКНА,Услуги по ремонту окон,МНЧ,ОКНА,Новокузнецк,Новокузнецк,нет,Отключить,,Отключить
ОКНА,Услуги по ремонту окон,МНЧ,ОКНА,Новомосковск (Тула),Тула,да,Отключить,,Отключить
ОКНА,Услуги по ремонту окон,МНЧ,ОКНА,Новосибирск,Новосибирск,нет,Отключить,,Отключить
ОКНА,Услуги по ремонту окон,МНЧ,ОКНА,Новочебоксарск (Чебоксары),Чебоксары,да,Отключить,,Отключить
ОКНА,Услуги по ремонту окон,МНЧ,ОКНА,Новочеркасск (Ростов-на-Дону),Ростов-на-Дону,да,Отключить,,Отключить
ОКНА,Услуги по ремонту окон,МНЧ,ОКНА,Октябрьск (Сызрань),Сызрань,да,Отключить,,Отключить
ОКНА,Услуги по ремонту окон,МНЧ,ОКНА,Омск,Омск,нет,Отключить,,Отключить
ОКНА,Услуги по ремонту окон,МНЧ,ОКНА,Осинники (Новокузнецк),Новокузнецк,да,Отключить,,Отключить
ОКНА,Услуги по ремонту окон,МНЧ,ОКНА,Павловск (Санкт-Петербург),Санкт-Петербург,да,Отключить,,Отключить
ОКНА,Услуги по ремонту окон,МНЧ,ОКНА,Первоуральск (Екатеринбург),Екатеринбург,да,Отключить,,Отключить
ОКНА,Услуги по ремонту окон,МНЧ,ОКНА,Пермь,Пермь,нет,Отключить,,Отключить
ОКНА,Услуги по ремонту окон,МНЧ,ОКНА,Петергоф (Санкт-Петербург),Санкт-Петербург,да,Отключить,,Отключить
ОКНА,Услуги по ремонту окон,МНЧ,ОКНА,Петрозаводск,Петрозаводск,нет,Отключить,,Отключить
ОКНА,Услуги по ремонту окон,МНЧ,ОКНА,Прокопьевск (Новокузнецк),Новокузнецк,да,Отключить,,Отключить
ОКНА,Услуги по ремонту окон,МНЧ,ОКНА,Пушкин (Санкт-Петербург),Санкт-Петербург,да,Отключить,,Отключить
ОКНА,Услуги по ремонту окон,МНЧ,ОКНА,Ростов-на-Дону,Ростов-на-Дону,нет,Отключить,,Отключить
ОКНА,Услуги по ремонту окон,МНЧ,ОКНА,Рыбное (Рязань),Рязань,да,Отключить,,Отключить
ОКНА,Услуги по ремонту окон,МНЧ,ОКНА,Саки (Севастополь),Севастополь,да,Отключить,,Отключить
ОКНА,Услуги по ремонту окон,МНЧ,ОКНА,Салават (Стерлитамак),Стерлитамак,да,Отключить,,Отключить
ОКНА,Услуги по ремонту окон,МНЧ,ОКНА,Санкт-Петербург,Санкт-Петербург,нет,Отключить,,Отключить
ОКНА,Услуги по ремонту окон,МНЧ,ОКНА,Светлогорск (Калининград),Калининград,да,Отключить,,Отключить
ОКНА,Услуги по ремонту окон,МНЧ,ОКНА,Светлый (Калининград),Калининград,да,Отключить,,Отключить
ОКНА,Услуги по ремонту окон,МНЧ,ОКНА,Севастополь,Севастополь,нет,Отключить,,Отключить
ОКНА,Услуги по ремонту окон,МНЧ,ОКНА,Сертолово (Санкт-Петербург),Санкт-Петербург,да,Отключить,,Отключить
ОКНА,Услуги по ремонту окон,МНЧ,ОКНА,Сестрорецк (Санкт-Петербург),Санкт-Петербург,да,Отключить,,Отключить
ОКНА,Услуги по ремонту окон,МНЧ,ОКНА,Симферополь (Севастополь),Севастополь,да,Отключить,,Отключить
ОКНА,Услуги по ремонту окон,МНЧ,ОКНА,Смоленск,Смоленск,нет,Отключить,,Отключить
ОКНА,Услуги по ремонту окон,МНЧ,ОКНА,Сосновоборск (Красноярск),Красноярск,да,Отключить,,Отключить
ОКНА,Услуги по ремонту окон,МНЧ,ОКНА,Среднеуральск (Екатеринбург),Екатеринбург,да,Отключить,,Отключить
ОКНА,Услуги по ремонту окон,МНЧ,ОКНА,Стерлитамак,Стерлитамак,нет,Отключить,,Отключить
ОКНА,Услуги по ремонту окон,МНЧ,ОКНА,Сургут,Сургут,нет,Отключить,,Отключить
ОКНА,Услуги по ремонту окон,МНЧ,ОКНА,Сызрань,Сызрань,нет,Отключить,,Отключить
ОКНА,Услуги по ремонту окон,МНЧ,ОКНА,Таганрог,Таганрог,нет,Отключить,,Отключить
ОКНА,Услуги по ремонту окон,МНЧ,ОКНА,Тамбов,Тамбов,нет,Отключить,,Отключить
ОКНА,Услуги по ремонту окон,МНЧ,ОКНА,Тверь,Тверь,нет,Отключить,,Отключить
ОКНА,Услуги по ремонту окон,МНЧ,ОКНА,Топки (Кемерово),Кемерово,да,Отключить,,Отключить
ОКНА,Услуги по ремонту окон,МНЧ,ОКНА,Тула,Тула,нет,Отключить,,Отключить
ОКНА,Услуги по ремонту окон,МНЧ,ОКНА,Тутаев (Ярославль),Ярославль,да,Отключить,,Отключить
ОКНА,Услуги по ремонту окон,МНЧ,ОКНА,Тюмень,Тюмень,нет,Отключить,,Отключить
ОКНА,Услуги по ремонту окон,МНЧ,ОКНА,Улан-Удэ,Улан-Удэ,нет,Отключить,,Отключить
ОКНА,Услуги по ремонту окон,МНЧ,ОКНА,Усть-Лабинск (Краснодар),Краснодар,да,Отключить,,Отключить
ОКНА,Услуги по ремонту окон,МНЧ,ОКНА,Цивильск (Чебоксары),Чебоксары,да,Отключить,,Отключить
ОКНА,Услуги по ремонту окон,МНЧ,ОКНА,Чебоксары,Чебоксары,нет,Отключить,,Отключить
ОКНА,Услуги по ремонту окон,МНЧ,ОКНА,Челябинск,Челябинск,нет,Отключить,,Отключить
ОКНА,Услуги по ремонту окон,МНЧ,ОКНА,Череповец,Череповец,нет,Отключить,,Отключить
ОКНА,Услуги по ремонту окон,МНЧ,ОКНА,Шелехов (Иркутск),Иркутск,да,Отключить,,Отключить
ОКНА,Услуги по ремонту окон,МНЧ,ОКНА,Щёкино (Тула),Тула,да,Отключить,,Отключить
КЛН,Услуги клининга,МНЧ,КЛН,Астрахань,Астрахань,нет,Увеличить,,Отключить
КЛН,Услуги клининга,МНЧ,КЛН,Адыгейск (Краснодар),Краснодар,да,Отключить,,Отключить
КЛН,Услуги клининга,МНЧ,КЛН,Азов (Ростов-на-Дону),Ростов-на-Дону,да,Отключить,,Отключить
КЛН,Услуги клининга,МНЧ,КЛН,Аксай (Ростов-на-Дону),Ростов-на-Дону,да,Отключить,,Отключить
КЛН,Услуги клининга,МНЧ,КЛН,Ангарск (Иркутск),Иркутск,да,Отключить,,Отключить
КЛН,Услуги клининга,МНЧ,КЛН,Арамиль (Екатеринбург),Екатеринбург,да,Отключить,,Отключить
КЛН,Услуги клининга,МНЧ,КЛН,Архангельск,Архангельск,нет,Отключить,,Отключить
КЛН,Услуги клининга,МНЧ,КЛН,Балаклава (Севастополь),Севастополь,да,Отключить,,Отключить
КЛН,Услуги клининга,МНЧ,КЛН,Балаково (Саратов),Саратов,да,Отключить,,Отключить
КЛН,Услуги клининга,МНЧ,КЛН,Балахна (Нижний Новгород),Нижний Новгород,да,Отключить,,Отключить
КЛН,Услуги клининга,МНЧ,КЛН,Балашиха (Москва),Москва,да,Отключить,,Отключить
КЛН,Услуги клининга,МНЧ,КЛН,Балтийск (Калининград),Калининград,да,Отключить,,Отключить
КЛН,Услуги клининга,МНЧ,КЛН,Барнаул,Барнаул,нет,Отключить,,Отключить
КЛН,Услуги клининга,МНЧ,КЛН,Батайск (Ростов-на-Дону),Ростов-на-Дону,да,Отключить,,Отключить
КЛН,Услуги клининга,МНЧ,КЛН,Бахчисарай (Севастополь),Севастополь,да,Отключить,,Отключить
КЛН,Услуги клининга,МНЧ,КЛН,Белгород,Белгород,нет,Отключить,,Отключить
КЛН,Услуги клининга,МНЧ,КЛН,Белогорск (Севастополь),Севастополь,да,Отключить,,Отключить
КЛН,Услуги клининга,МНЧ,КЛН,Бердск (Новосибирск),Новосибирск,да,Отключить,,Отключить
КЛН,Услуги клининга,МНЧ,КЛН,Берёзовский (Екатеринбург),Екатеринбург,да,Отключить,,Отключить
КЛН,Услуги клининга,МНЧ,КЛН,Благовещенск (Уфа),Уфа,да,Отключить,,Отключить
КЛН,Услуги клининга,МНЧ,КЛН,Богородск (Нижний Новгород),Нижний Новгород,да,Отключить,,Отключить
КЛН,Услуги клининга,МНЧ,КЛН,Бор (Нижний Новгород),Нижний Новгород,да,Отключить,,Отключить
КЛН,Услуги клининга,МНЧ,КЛН,Брянск,Брянск,нет,Отключить,,Отключить
КЛН,Услуги клининга,МНЧ,КЛН,Бугры (Санкт-Петербург),Санкт-Петербург,да,Отключить,,Отключить
КЛН,Услуги клининга,МНЧ,КЛН,Верхняя Пышма (Екатеринбург),Екатеринбург,да,Отключить,,Отключить
КЛН,Услуги клининга,МНЧ,КЛН,Владимир,Владимир,нет,Отключить,,Отключить
КЛН,Услуги клининга,МНЧ,КЛН,Волгоград,Волгоград,нет,Отключить,,Отключить
КЛН,Услуги клининга,МНЧ,КЛН,Волжск (Казань),Казань,да,Отключить,,Отключить
КЛН,Услуги клининга,МНЧ,КЛН,Волжский (Волгоград),Волгоград,да,Отключить,,Отключить
КЛН,Услуги клининга,МНЧ,КЛН,Вологда,Вологда,нет,Отключить,,Отключить
КЛН,Услуги клининга,МНЧ,КЛН,Воронеж,Воронеж,нет,Отключить,,Отключить
КЛН,Услуги клининга,МНЧ,КЛН,Всеволожск (Санкт-Петербург),Санкт-Петербург,да,Отключить,,Отключить
КЛН,Услуги клининга,МНЧ,КЛН,Гвардейск (Калининград),Калининград,да,Отключить,,Отключить
КЛН,Услуги клининга,МНЧ,КЛН,Грязи (Липецк),Липецк,да,Отключить,,Отключить
КЛН,Услуги клининга,МНЧ,КЛН,Дзержинск (Нижний Новгород),Нижний Новгород,да,Отключить,,Отключить
КЛН,Услуги клининга,МНЧ,КЛН,Дивногорск (Красноярск),Красноярск,да,Отключить,,Отключить
КЛН,Услуги клининга,МНЧ,КЛН,Евпатория (Севастополь),Севастополь,да,Отключить,,Отключить
КЛН,Услуги клининга,МНЧ,КЛН,Екатеринбург,Екатеринбург,нет,Отключить,,Отключить
КЛН,Услуги клининга,МНЧ,КЛН,Елабуга (Набережные Челны),Набережные Челны,да,Отключить,,Отключить
КЛН,Услуги клининга,МНЧ,КЛН,Жигулёвск (Тольятти),Тольятти,да,Отключить,,Отключить
КЛН,Услуги клининга,МНЧ,КЛН,Зеленоградск (Калининград),Калининград,да,Отключить,,Отключить
КЛН,Услуги клининга,МНЧ,КЛН,Зеленодольск (Казань),Казань,да,Отключить,,Отключить
КЛН,Услуги клининга,МНЧ,КЛН,Иваново,Иваново,нет,Отключить,,Отключить
КЛН,Услуги клининга,МНЧ,КЛН,Ижевск,Ижевск,нет,Отключить,,Отключить
КЛН,Услуги клининга,МНЧ,КЛН,Иркутск,Иркутск,нет,Отключить,,Отключить
КЛН,Услуги клининга,МНЧ,КЛН,Ишимбай (Стерлитамак),Стерлитамак,да,Отключить,,Отключить
КЛН,Услуги клининга,МНЧ,КЛН,Йошкар-Ола,Йошкар-Ола,нет,Отключить,,Отключить
КЛН,Услуги клининга,МНЧ,КЛН,Казань,Казань,нет,Отключить,,Отключить
КЛН,Услуги клининга,МНЧ,КЛН,Калининград,Калининград,нет,Отключить,,Отключить
КЛН,Услуги клининга,МНЧ,КЛН,Калтан (Новокузнецк),Новокузнецк,да,Отключить,,Отключить
КЛН,Услуги клининга,МНЧ,КЛН,Калуга,Калуга,нет,Отключить,,Отключить
КЛН,Услуги клининга,МНЧ,КЛН,Камызяк (Астрахань),Астрахань,да,Отключить,,Отключить
КЛН,Услуги клининга,МНЧ,КЛН,Кемерово,Кемерово,нет,Отключить,,Отключить
КЛН,Услуги клининга,МНЧ,КЛН,Киров,Киров,нет,Отключить,,Отключить
КЛН,Услуги клининга,МНЧ,КЛН,Кирово-Чепецк (Киров),Киров,да,Отключить,,Отключить
КЛН,Услуги клининга,МНЧ,КЛН,Колпино (Санкт-Петербург),Санкт-Петербург,да,Отключить,,Отключить
КЛН,Услуги клининга,МНЧ,КЛН,Копейск (Челябинск),Челябинск,да,Отключить,,Отключить
КЛН,Услуги клининга,МНЧ,КЛН,Коркино (Челябинск),Челябинск,да,Отключить,,Отключить
КЛН,Услуги клининга,МНЧ,КЛН,Кострома,Кострома,нет,Отключить,,Отключить
КЛН,Услуги клининга,МНЧ,КЛН,Краснодар,Краснодар,нет,Отключить,,Отключить
КЛН,Услуги клининга,МНЧ,КЛН,Краснокамск (Пермь),Пермь,да,Отключить,,Отключить
КЛН,Услуги клининга,МНЧ,КЛН,Красноярск,Красноярск,нет,Отключить,,Увеличить
КЛН,Услуги клининга,МНЧ,КЛН,Кстово (Нижний Новгород),Нижний Новгород,да,Отключить,,Отключить
КЛН,Услуги клининга,МНЧ,КЛН,Кудрово (Санкт-Петербург),Санкт-Петербург,да,Отключить,,Отключить
КЛН,Услуги клининга,МНЧ,КЛН,Курган (Челябинск),Челябинск,да,Отключить,,Отключить
КЛН,Услуги клининга,МНЧ,КЛН,Курск,Курск,нет,Отключить,,Отключить
КЛН,Услуги клининга,МНЧ,КЛН,Липецк,Липецк,нет,Отключить,,Отключить
КЛН,Услуги клининга,МНЧ,КЛН,Лихославль (Тверь),Тверь,да,Отключить,,Отключить
КЛН,Услуги клининга,МНЧ,КЛН,Ломоносов (Санкт-Петербург),Санкт-Петербург,да,Отключить,,Отключить
КЛН,Услуги клининга,МНЧ,КЛН,Люберцы (Москва),Москва,да,Отключить,,Отключить
КЛН,Услуги клининга,МНЧ,КЛН,Магнитогорск,Магнитогорск,нет,Отключить,,Отключить
КЛН,Услуги клининга,МНЧ,КЛН,Менделеевск (Набережные Челны),Набережные Челны,да,Отключить,,Отключить
КЛН,Услуги клининга,МНЧ,КЛН,Михайловск (Ставрополь),Ставрополь,да,Отключить,,Отключить
КЛН,Услуги клининга,МНЧ,КЛН,Москва,Москва,нет,Отключить,,Отключить
КЛН,Услуги клининга,МНЧ,КЛН,Мурино (Санкт-Петербург),Санкт-Петербург,да,Отключить,,Отключить
КЛН,Услуги клининга,МНЧ,КЛН,Набережные Челны,Набережные Челны,нет,Отключить,,Отключить
КЛН,Услуги клининга,МНЧ,КЛН,Нижнекамск (Набережные Челны),Набережные Челны,да,Отключить,,Отключить
КЛН,Услуги клининга,МНЧ,КЛН,Нижний Новгород,Нижний Новгород,нет,Отключить,,Отключить
КЛН,Услуги клининга,МНЧ,КЛН,Нижний Тагил,Нижний Тагил,нет,Отключить,,Отключить
КЛН,Услуги клининга,МНЧ,КЛН,Новоалтайск (Барнаул),Барнаул,да,Отключить,,Отключить
КЛН,Услуги клининга,МНЧ,КЛН,Новокузнецк,Новокузнецк,нет,Отключить,,Отключить
КЛН,Услуги клининга,МНЧ,КЛН,Новокуйбышевск (Самара),Самара,да,Отключить,,Отключить
КЛН,Услуги клининга,МНЧ,КЛН,Новомосковск (Тула),Тула,да,Отключить,,Отключить
КЛН,Услуги клининга,МНЧ,КЛН,Новосибирск,Новосибирск,нет,Отключить,✓,Увеличить
КЛН,Услуги клининга,МНЧ,КЛН,Новоульяновск (Ульяновск),Ульяновск,да,Отключить,,Отключить
КЛН,Услуги клининга,МНЧ,КЛН,Новочебоксарск (Чебоксары),Чебоксары,да,Отключить,,Отключить
КЛН,Услуги клининга,МНЧ,КЛН,Новочеркасск (Ростов-на-Дону),Ростов-на-Дону,да,Отключить,,Отключить
КЛН,Услуги клининга,МНЧ,КЛН,Октябрьск (Сызрань),Сызрань,да,Отключить,,Отключить
КЛН,Услуги клининга,МНЧ,КЛН,Омск,Омск,нет,Отключить,,Отключить
КЛН,Услуги клининга,МНЧ,КЛН,Орел,Орел,нет,Отключить,,Отключить
КЛН,Услуги клининга,МНЧ,КЛН,Оренбург,Оренбург,нет,Отключить,,Отключить
КЛН,Услуги клининга,МНЧ,КЛН,Осинники (Новокузнецк),Новокузнецк,да,Отключить,,Отключить
КЛН,Услуги клининга,МНЧ,КЛН,Павловск (Санкт-Петербург),Санкт-Петербург,да,Отключить,,Отключить
КЛН,Услуги клининга,МНЧ,КЛН,Первоуральск (Екатеринбург),Екатеринбург,да,Отключить,,Отключить
КЛН,Услуги клининга,МНЧ,КЛН,Пермь,Пермь,нет,Отключить,,Отключить
КЛН,Услуги клининга,МНЧ,КЛН,Петергоф (Санкт-Петербург),Санкт-Петербург,да,Отключить,,Отключить
КЛН,Услуги клининга,МНЧ,КЛН,Петрозаводск,Петрозаводск,нет,Отключить,,Отключить
КЛН,Услуги клининга,МНЧ,КЛН,Прокопьевск (Новокузнецк),Новокузнецк,да,Отключить,,Отключить
КЛН,Услуги клининга,МНЧ,КЛН,Пушкин (Санкт-Петербург),Санкт-Петербург,да,Отключить,,Отключить
КЛН,Услуги клининга,МНЧ,КЛН,Ростов-на-Дону,Ростов-на-Дону,нет,Отключить,,Отключить
КЛН,Услуги клининга,МНЧ,КЛН,Рыбное (Рязань),Рязань,да,Отключить,,Отключить
КЛН,Услуги клининга,МНЧ,КЛН,Рязань,Рязань,нет,Отключить,,Отключить
КЛН,Услуги клининга,МНЧ,КЛН,Саки (Севастополь),Севастополь,да,Отключить,,Отключить
КЛН,Услуги клининга,МНЧ,КЛН,Салават (Стерлитамак),Стерлитамак,да,Отключить,,Отключить
КЛН,Услуги клининга,МНЧ,КЛН,Самара,Самара,нет,Отключить,,Отключить
КЛН,Услуги клининга,МНЧ,КЛН,Санкт-Петербург,Санкт-Петербург,нет,Отключить,,Отключить
КЛН,Услуги клининга,МНЧ,КЛН,Саратов,Саратов,нет,Отключить,,Отключить
КЛН,Услуги клининга,МНЧ,КЛН,Светлогорск (Калининград),Калининград,да,Отключить,,Отключить
КЛН,Услуги клининга,МНЧ,КЛН,Светлый (Калининград),Калининград,да,Отключить,,Отключить
КЛН,Услуги клининга,МНЧ,КЛН,Севастополь,Севастополь,нет,Отключить,,Отключить
КЛН,Услуги клининга,МНЧ,КЛН,Семилуки (Воронеж),Воронеж,да,Отключить,,Отключить
КЛН,Услуги клининга,МНЧ,КЛН,Сертолово (Санкт-Петербург),Санкт-Петербург,да,Отключить,,Отключить
КЛН,Услуги клининга,МНЧ,КЛН,Сестрорецк (Санкт-Петербург),Санкт-Петербург,да,Отключить,,Отключить
КЛН,Услуги клининга,МНЧ,КЛН,Симферополь (Севастополь),Севастополь,да,Отключить,,Отключить
КЛН,Услуги клининга,МНЧ,КЛН,Смоленск,Смоленск,нет,Отключить,,Отключить
КЛН,Услуги клининга,МНЧ,КЛН,Сосновоборск (Красноярск),Красноярск,да,Отключить,,Отключить
КЛН,Услуги клининга,МНЧ,КЛН,Сочи,Сочи,нет,Отключить,,Отключить
КЛН,Услуги клининга,МНЧ,КЛН,Среднеуральск (Екатеринбург),Екатеринбург,да,Отключить,,Отключить
КЛН,Услуги клининга,МНЧ,КЛН,Ставрополь,Ставрополь,нет,Отключить,,Отключить
КЛН,Услуги клининга,МНЧ,КЛН,Стерлитамак,Стерлитамак,нет,Отключить,,Отключить
КЛН,Услуги клининга,МНЧ,КЛН,Сургут,Сургут,нет,Отключить,,Отключить
КЛН,Услуги клининга,МНЧ,КЛН,Сызрань,Сызрань,нет,Отключить,,Отключить
КЛН,Услуги клининга,МНЧ,КЛН,Сыктывкар,Сыктывкар,нет,Отключить,,Отключить
КЛН,Услуги клининга,МНЧ,КЛН,Таганрог,Таганрог,нет,Отключить,,Отключить
КЛН,Услуги клининга,МНЧ,КЛН,Тамбов,Тамбов,нет,Отключить,,Отключить
КЛН,Услуги клининга,МНЧ,КЛН,Тверь,Тверь,нет,Отключить,,Отключить
КЛН,Услуги клининга,МНЧ,КЛН,Тольятти,Тольятти,нет,Отключить,,Отключить
КЛН,Услуги клининга,МНЧ,КЛН,Томск,Томск,нет,Отключить,,Отключить
КЛН,Услуги клининга,МНЧ,КЛН,Топки (Кемерово),Кемерово,да,Отключить,,Отключить
КЛН,Услуги клининга,МНЧ,КЛН,Тула,Тула,нет,Отключить,,Отключить
КЛН,Услуги клининга,МНЧ,КЛН,Тутаев (Ярославль),Ярославль,да,Отключить,,Отключить
КЛН,Услуги клининга,МНЧ,КЛН,Тюмень,Тюмень,нет,Отключить,,Отключить
КЛН,Услуги клининга,МНЧ,КЛН,Улан-Удэ,Улан-Удэ,нет,Отключить,,Отключить
КЛН,Услуги клининга,МНЧ,КЛН,Ульяновск,Ульяновск,нет,Отключить,,Отключить
КЛН,Услуги клининга,МНЧ,КЛН,Усть-Лабинск (Краснодар),Краснодар,да,Отключить,,Отключить
КЛН,Услуги клининга,МНЧ,КЛН,Уфа,Уфа,нет,Отключить,,Отключить
КЛН,Услуги клининга,МНЧ,КЛН,Цивильск (Чебоксары),Чебоксары,да,Отключить,,Отключить
КЛН,Услуги клининга,МНЧ,КЛН,Чапаевск (Самара),Самара,да,Отключить,,Отключить
КЛН,Услуги клининга,МНЧ,КЛН,Чебоксары,Чебоксары,нет,Отключить,,Отключить
КЛН,Услуги клининга,МНЧ,КЛН,Челябинск,Челябинск,нет,Отключить,,Отключить
КЛН,Услуги клининга,МНЧ,КЛН,Череповец,Череповец,нет,Отключить,,Отключить
КЛН,Услуги клининга,МНЧ,КЛН,Шелехов (Иркутск),Иркутск,да,Отключить,,Отключить
КЛН,Услуги клининга,МНЧ,КЛН,Щёкино (Тула),Тула,да,Отключить,,Отключить
КЛН,Услуги клининга,МНЧ,КЛН,Энгельс (Саратов),Саратов,да,Отключить,,Отключить
КЛН,Услуги клининга,МНЧ,КЛН,Ярославль,Ярославль,нет,Отключить,,Отключить
МБ,Услуги по сборке мебели,МНЧ,МБ,Адыгейск (Краснодар),Краснодар,да,Увеличить,,Отключить
МБ,Услуги по сборке мебели,МНЧ,МБ,Воронеж,Воронеж,нет,Увеличить,✓,Отключить
МБ,Услуги по сборке мебели,МНЧ,МБ,Жигулёвск (Тольятти),Тольятти,да,Увеличить,,Отключить
МБ,Услуги по сборке мебели,МНЧ,МБ,Йошкар-Ола,Йошкар-Ола,нет,Увеличить,,без изменений
МБ,Услуги по сборке мебели,МНЧ,МБ,Киров,Киров,нет,Увеличить,,Отключить
МБ,Услуги по сборке мебели,МНЧ,МБ,Кирово-Чепецк (Киров),Киров,да,Увеличить,,Отключить
МБ,Услуги по сборке мебели,МНЧ,МБ,Краснодар,Краснодар,нет,Увеличить,,Отключить
МБ,Услуги по сборке мебели,МНЧ,МБ,Михайловск (Ставрополь),Ставрополь,да,Увеличить,✓,Отключить
МБ,Услуги по сборке мебели,МНЧ,МБ,Новокуйбышевск (Самара),Самара,да,Увеличить,,Отключить
МБ,Услуги по сборке мебели,МНЧ,МБ,Самара,Самара,нет,Увеличить,,без изменений
МБ,Услуги по сборке мебели,МНЧ,МБ,Саратов,Саратов,нет,Увеличить,,Отключить
МБ,Услуги по сборке мебели,МНЧ,МБ,Семилуки (Воронеж),Воронеж,да,Увеличить,✓,Отключить
МБ,Услуги по сборке мебели,МНЧ,МБ,Сочи,Сочи,нет,Увеличить,,без изменений
МБ,Услуги по сборке мебели,МНЧ,МБ,Ставрополь,Ставрополь,нет,Увеличить,✓,без изменений
МБ,Услуги по сборке мебели,МНЧ,МБ,Сыктывкар,Сыктывкар,нет,Увеличить,,Отключить
МБ,Услуги по сборке мебели,МНЧ,МБ,Тольятти,Тольятти,нет,Увеличить,,Отключить
МБ,Услуги по сборке мебели,МНЧ,МБ,Чапаевск (Самара),Самара,да,Увеличить,,Отключить
МБ,Услуги по сборке мебели,МНЧ,МБ,Энгельс (Саратов),Саратов,да,Увеличить,,Отключить
МБ,Услуги по сборке мебели,МНЧ,МБ,Азов (Ростов-на-Дону),Ростов-на-Дону,да,Отключить,,Отключить
МБ,Услуги по сборке мебели,МНЧ,МБ,Аксай (Ростов-на-Дону),Ростов-на-Дону,да,Отключить,,Отключить
МБ,Услуги по сборке мебели,МНЧ,МБ,Ангарск (Иркутск),Иркутск,да,Отключить,,Отключить
МБ,Услуги по сборке мебели,МНЧ,МБ,Арамиль (Екатеринбург),Екатеринбург,да,Отключить,,Отключить
МБ,Услуги по сборке мебели,МНЧ,МБ,Архангельск,Архангельск,нет,Отключить,,Отключить
МБ,Услуги по сборке мебели,МНЧ,МБ,Астрахань,Астрахань,нет,Отключить,,Увеличить
МБ,Услуги по сборке мебели,МНЧ,МБ,Балаклава (Севастополь),Севастополь,да,Отключить,,Отключить
МБ,Услуги по сборке мебели,МНЧ,МБ,Балаково (Саратов),Саратов,да,Отключить,,Отключить
МБ,Услуги по сборке мебели,МНЧ,МБ,Балахна (Нижний Новгород),Нижний Новгород,да,Отключить,,Отключить
МБ,Услуги по сборке мебели,МНЧ,МБ,Балашиха (Москва),Москва,да,Отключить,,Отключить
МБ,Услуги по сборке мебели,МНЧ,МБ,Балтийск (Калининград),Калининград,да,Отключить,,Отключить
МБ,Услуги по сборке мебели,МНЧ,МБ,Барнаул,Барнаул,нет,Отключить,,Отключить
МБ,Услуги по сборке мебели,МНЧ,МБ,Батайск (Ростов-на-Дону),Ростов-на-Дону,да,Отключить,,Отключить
МБ,Услуги по сборке мебели,МНЧ,МБ,Бахчисарай (Севастополь),Севастополь,да,Отключить,,Отключить
МБ,Услуги по сборке мебели,МНЧ,МБ,Белгород,Белгород,нет,Отключить,,Отключить
МБ,Услуги по сборке мебели,МНЧ,МБ,Белогорск (Севастополь),Севастополь,да,Отключить,,Отключить
МБ,Услуги по сборке мебели,МНЧ,МБ,Бердск (Новосибирск),Новосибирск,да,Отключить,,Отключить
МБ,Услуги по сборке мебели,МНЧ,МБ,Берёзовский (Екатеринбург),Екатеринбург,да,Отключить,,Отключить
МБ,Услуги по сборке мебели,МНЧ,МБ,Благовещенск (Уфа),Уфа,да,Отключить,,Отключить
МБ,Услуги по сборке мебели,МНЧ,МБ,Богородск (Нижний Новгород),Нижний Новгород,да,Отключить,,Отключить
МБ,Услуги по сборке мебели,МНЧ,МБ,Бор (Нижний Новгород),Нижний Новгород,да,Отключить,,Отключить
МБ,Услуги по сборке мебели,МНЧ,МБ,Брянск,Брянск,нет,Отключить,,Отключить
МБ,Услуги по сборке мебели,МНЧ,МБ,Бугры (Санкт-Петербург),Санкт-Петербург,да,Отключить,,Отключить
МБ,Услуги по сборке мебели,МНЧ,МБ,Верхняя Пышма (Екатеринбург),Екатеринбург,да,Отключить,,Отключить
МБ,Услуги по сборке мебели,МНЧ,МБ,Владимир,Владимир,нет,Отключить,,Отключить
МБ,Услуги по сборке мебели,МНЧ,МБ,Волгоград,Волгоград,нет,Отключить,,Отключить
МБ,Услуги по сборке мебели,МНЧ,МБ,Волжск (Казань),Казань,да,Отключить,,Увеличить
МБ,Услуги по сборке мебели,МНЧ,МБ,Волжский (Волгоград),Волгоград,да,Отключить,,Отключить
МБ,Услуги по сборке мебели,МНЧ,МБ,Вологда,Вологда,нет,Отключить,,Отключить
МБ,Услуги по сборке мебели,МНЧ,МБ,Всеволожск (Санкт-Петербург),Санкт-Петербург,да,Отключить,,Отключить
МБ,Услуги по сборке мебели,МНЧ,МБ,Гвардейск (Калининград),Калининград,да,Отключить,,Отключить
МБ,Услуги по сборке мебели,МНЧ,МБ,Грязи (Липецк),Липецк,да,Отключить,,Отключить
МБ,Услуги по сборке мебели,МНЧ,МБ,Дзержинск (Нижний Новгород),Нижний Новгород,да,Отключить,,Отключить
МБ,Услуги по сборке мебели,МНЧ,МБ,Дивногорск (Красноярск),Красноярск,да,Отключить,,Отключить
МБ,Услуги по сборке мебели,МНЧ,МБ,Евпатория (Севастополь),Севастополь,да,Отключить,,Отключить
МБ,Услуги по сборке мебели,МНЧ,МБ,Екатеринбург,Екатеринбург,нет,Отключить,,Отключить
МБ,Услуги по сборке мебели,МНЧ,МБ,Елабуга (Набережные Челны),Набережные Челны,да,Отключить,,Отключить
МБ,Услуги по сборке мебели,МНЧ,МБ,Зеленоградск (Калининград),Калининград,да,Отключить,,Отключить
МБ,Услуги по сборке мебели,МНЧ,МБ,Зеленодольск (Казань),Казань,да,Отключить,,Увеличить
МБ,Услуги по сборке мебели,МНЧ,МБ,Иваново,Иваново,нет,Отключить,,Отключить
МБ,Услуги по сборке мебели,МНЧ,МБ,Ижевск,Ижевск,нет,Отключить,,Отключить
МБ,Услуги по сборке мебели,МНЧ,МБ,Иркутск,Иркутск,нет,Отключить,,Отключить
МБ,Услуги по сборке мебели,МНЧ,МБ,Ишимбай (Стерлитамак),Стерлитамак,да,Отключить,,Отключить
МБ,Услуги по сборке мебели,МНЧ,МБ,Казань,Казань,нет,Отключить,,Увеличить
МБ,Услуги по сборке мебели,МНЧ,МБ,Калининград,Калининград,нет,Отключить,,Отключить
МБ,Услуги по сборке мебели,МНЧ,МБ,Калтан (Новокузнецк),Новокузнецк,да,Отключить,,Отключить
МБ,Услуги по сборке мебели,МНЧ,МБ,Калуга,Калуга,нет,Отключить,,Отключить
МБ,Услуги по сборке мебели,МНЧ,МБ,Камызяк (Астрахань),Астрахань,да,Отключить,,Отключить
МБ,Услуги по сборке мебели,МНЧ,МБ,Кемерово,Кемерово,нет,Отключить,,Отключить
МБ,Услуги по сборке мебели,МНЧ,МБ,Колпино (Санкт-Петербург),Санкт-Петербург,да,Отключить,,Отключить
МБ,Услуги по сборке мебели,МНЧ,МБ,Копейск (Челябинск),Челябинск,да,Отключить,,Отключить
МБ,Услуги по сборке мебели,МНЧ,МБ,Коркино (Челябинск),Челябинск,да,Отключить,,Отключить
МБ,Услуги по сборке мебели,МНЧ,МБ,Кострома,Кострома,нет,Отключить,,Отключить
МБ,Услуги по сборке мебели,МНЧ,МБ,Краснокамск (Пермь),Пермь,да,Отключить,,Отключить
МБ,Услуги по сборке мебели,МНЧ,МБ,Красноярск,Красноярск,нет,Отключить,,Отключить
МБ,Услуги по сборке мебели,МНЧ,МБ,Кстово (Нижний Новгород),Нижний Новгород,да,Отключить,,Отключить
МБ,Услуги по сборке мебели,МНЧ,МБ,Кудрово (Санкт-Петербург),Санкт-Петербург,да,Отключить,,Отключить
МБ,Услуги по сборке мебели,МНЧ,МБ,Курган (Челябинск),Челябинск,да,Отключить,,Отключить
МБ,Услуги по сборке мебели,МНЧ,МБ,Курск,Курск,нет,Отключить,,Отключить
МБ,Услуги по сборке мебели,МНЧ,МБ,Липецк,Липецк,нет,Отключить,,Отключить
МБ,Услуги по сборке мебели,МНЧ,МБ,Лихославль (Тверь),Тверь,да,Отключить,,Отключить
МБ,Услуги по сборке мебели,МНЧ,МБ,Ломоносов (Санкт-Петербург),Санкт-Петербург,да,Отключить,,Отключить
МБ,Услуги по сборке мебели,МНЧ,МБ,Люберцы (Москва),Москва,да,Отключить,,Отключить
МБ,Услуги по сборке мебели,МНЧ,МБ,Магнитогорск,Магнитогорск,нет,Отключить,,Отключить
МБ,Услуги по сборке мебели,МНЧ,МБ,Менделеевск (Набережные Челны),Набережные Челны,да,Отключить,,Отключить
МБ,Услуги по сборке мебели,МНЧ,МБ,Москва,Москва,нет,Отключить,,Отключить
МБ,Услуги по сборке мебели,МНЧ,МБ,Мурино (Санкт-Петербург),Санкт-Петербург,да,Отключить,,Отключить
МБ,Услуги по сборке мебели,МНЧ,МБ,Набережные Челны,Набережные Челны,нет,Отключить,,Отключить
МБ,Услуги по сборке мебели,МНЧ,МБ,Нижнекамск (Набережные Челны),Набережные Челны,да,Отключить,,Отключить
МБ,Услуги по сборке мебели,МНЧ,МБ,Нижний Новгород,Нижний Новгород,нет,Отключить,,Отключить
МБ,Услуги по сборке мебели,МНЧ,МБ,Нижний Тагил,Нижний Тагил,нет,Отключить,,Отключить
МБ,Услуги по сборке мебели,МНЧ,МБ,Новоалтайск (Барнаул),Барнаул,да,Отключить,,Отключить
МБ,Услуги по сборке мебели,МНЧ,МБ,Новокузнецк,Новокузнецк,нет,Отключить,,Отключить
МБ,Услуги по сборке мебели,МНЧ,МБ,Новомосковск (Тула),Тула,да,Отключить,,Отключить
МБ,Услуги по сборке мебели,МНЧ,МБ,Новосибирск,Новосибирск,нет,Отключить,,Отключить
МБ,Услуги по сборке мебели,МНЧ,МБ,Новоульяновск (Ульяновск),Ульяновск,да,Отключить,,Отключить
МБ,Услуги по сборке мебели,МНЧ,МБ,Новочебоксарск (Чебоксары),Чебоксары,да,Отключить,,Отключить
МБ,Услуги по сборке мебели,МНЧ,МБ,Новочеркасск (Ростов-на-Дону),Ростов-на-Дону,да,Отключить,,Отключить
МБ,Услуги по сборке мебели,МНЧ,МБ,Октябрьск (Сызрань),Сызрань,да,Отключить,,Отключить
МБ,Услуги по сборке мебели,МНЧ,МБ,Омск,Омск,нет,Отключить,,Отключить
МБ,Услуги по сборке мебели,МНЧ,МБ,Орел,Орел,нет,Отключить,,Отключить
МБ,Услуги по сборке мебели,МНЧ,МБ,Оренбург,Оренбург,нет,Отключить,,Отключить
МБ,Услуги по сборке мебели,МНЧ,МБ,Осинники (Новокузнецк),Новокузнецк,да,Отключить,,Отключить
МБ,Услуги по сборке мебели,МНЧ,МБ,Павловск (Санкт-Петербург),Санкт-Петербург,да,Отключить,,Отключить
МБ,Услуги по сборке мебели,МНЧ,МБ,Первоуральск (Екатеринбург),Екатеринбург,да,Отключить,,Отключить
МБ,Услуги по сборке мебели,МНЧ,МБ,Пермь,Пермь,нет,Отключить,,Отключить
МБ,Услуги по сборке мебели,МНЧ,МБ,Петергоф (Санкт-Петербург),Санкт-Петербург,да,Отключить,,Отключить
МБ,Услуги по сборке мебели,МНЧ,МБ,Петрозаводск,Петрозаводск,нет,Отключить,,Отключить
МБ,Услуги по сборке мебели,МНЧ,МБ,Прокопьевск (Новокузнецк),Новокузнецк,да,Отключить,,Отключить
МБ,Услуги по сборке мебели,МНЧ,МБ,Пушкин (Санкт-Петербург),Санкт-Петербург,да,Отключить,,Отключить
МБ,Услуги по сборке мебели,МНЧ,МБ,Ростов-на-Дону,Ростов-на-Дону,нет,Отключить,,Отключить
МБ,Услуги по сборке мебели,МНЧ,МБ,Рыбное (Рязань),Рязань,да,Отключить,,Отключить
МБ,Услуги по сборке мебели,МНЧ,МБ,Рязань,Рязань,нет,Отключить,,Отключить
МБ,Услуги по сборке мебели,МНЧ,МБ,Саки (Севастополь),Севастополь,да,Отключить,,Отключить
МБ,Услуги по сборке мебели,МНЧ,МБ,Салават (Стерлитамак),Стерлитамак,да,Отключить,,Отключить
МБ,Услуги по сборке мебели,МНЧ,МБ,Санкт-Петербург,Санкт-Петербург,нет,Отключить,,Отключить
МБ,Услуги по сборке мебели,МНЧ,МБ,Светлогорск (Калининград),Калининград,да,Отключить,,Отключить
МБ,Услуги по сборке мебели,МНЧ,МБ,Светлый (Калининград),Калининград,да,Отключить,,Отключить
МБ,Услуги по сборке мебели,МНЧ,МБ,Севастополь,Севастополь,нет,Отключить,,Отключить
МБ,Услуги по сборке мебели,МНЧ,МБ,Сертолово (Санкт-Петербург),Санкт-Петербург,да,Отключить,,Отключить
МБ,Услуги по сборке мебели,МНЧ,МБ,Сестрорецк (Санкт-Петербург),Санкт-Петербург,да,Отключить,,Отключить
МБ,Услуги по сборке мебели,МНЧ,МБ,Симферополь (Севастополь),Севастополь,да,Отключить,,Отключить
МБ,Услуги по сборке мебели,МНЧ,МБ,Смоленск,Смоленск,нет,Отключить,,Отключить
МБ,Услуги по сборке мебели,МНЧ,МБ,Сосновоборск (Красноярск),Красноярск,да,Отключить,,Отключить
МБ,Услуги по сборке мебели,МНЧ,МБ,Среднеуральск (Екатеринбург),Екатеринбург,да,Отключить,,Отключить
МБ,Услуги по сборке мебели,МНЧ,МБ,Стерлитамак,Стерлитамак,нет,Отключить,,Отключить
МБ,Услуги по сборке мебели,МНЧ,МБ,Сургут,Сургут,нет,Отключить,,Отключить
МБ,Услуги по сборке мебели,МНЧ,МБ,Сызрань,Сызрань,нет,Отключить,,Отключить
МБ,Услуги по сборке мебели,МНЧ,МБ,Таганрог,Таганрог,нет,Отключить,,Отключить
МБ,Услуги по сборке мебели,МНЧ,МБ,Тамбов,Тамбов,нет,Отключить,,Отключить
МБ,Услуги по сборке мебели,МНЧ,МБ,Тверь,Тверь,нет,Отключить,,Отключить
МБ,Услуги по сборке мебели,МНЧ,МБ,Томск,Томск,нет,Отключить,,Отключить
МБ,Услуги по сборке мебели,МНЧ,МБ,Топки (Кемерово),Кемерово,да,Отключить,,Отключить
МБ,Услуги по сборке мебели,МНЧ,МБ,Тула,Тула,нет,Отключить,,Отключить
МБ,Услуги по сборке мебели,МНЧ,МБ,Тутаев (Ярославль),Ярославль,да,Отключить,,Отключить
МБ,Услуги по сборке мебели,МНЧ,МБ,Тюмень,Тюмень,нет,Отключить,,Отключить
МБ,Услуги по сборке мебели,МНЧ,МБ,Улан-Удэ,Улан-Удэ,нет,Отключить,,Отключить
МБ,Услуги по сборке мебели,МНЧ,МБ,Ульяновск,Ульяновск,нет,Отключить,,Отключить
МБ,Услуги по сборке мебели,МНЧ,МБ,Усть-Лабинск (Краснодар),Краснодар,да,Отключить,,Отключить
МБ,Услуги по сборке мебели,МНЧ,МБ,Уфа,Уфа,нет,Отключить,,Отключить
МБ,Услуги по сборке мебели,МНЧ,МБ,Цивильск (Чебоксары),Чебоксары,да,Отключить,,Отключить
МБ,Услуги по сборке мебели,МНЧ,МБ,Чебоксары,Чебоксары,нет,Отключить,,Отключить
МБ,Услуги по сборке мебели,МНЧ,МБ,Челябинск,Челябинск,нет,Отключить,,Отключить
МБ,Услуги по сборке мебели,МНЧ,МБ,Череповец,Череповец,нет,Отключить,,Отключить
МБ,Услуги по сборке мебели,МНЧ,МБ,Шелехов (Иркутск),Иркутск,да,Отключить,,Отключить
МБ,Услуги по сборке мебели,МНЧ,МБ,Щёкино (Тула),Тула,да,Отключить,,Отключить
МБ,Услуги по сборке мебели,МНЧ,МБ,Ярославль,Ярославль,нет,Отключить,,Отключить
